Session ID,First Token Time (ms),Other Token Times (ms),Total Time (ms)
197fcab6-4be2-4e0c-9630-979980155c61,7540.20,19.23;1562.57;3352.23;1527.67;3182.04;3348.32;4681.76;8392.25;3275.74;3458.21;4491.76;10.32;6071.22;10.65;3205.13;12.35;6388.42;5977.55;3863.24;1609.20;12372.60;3959.85;3261.31;6241.56;4334.00;3073.81;3351.32;3340.85;1549.70;13.38;26.61;61.56;95.35;133.67;37.83;75.71;86.02;337.50;30.64;79.65;400.47;675.44;6.44;11.85;149.36;49.78;814.53;69.82;177.25;125.11;141.11;210.17;191.94;308.11;146.93;285.97;15.32;336.47;21.17;149.30;114.70;296.00;6.24;857.09;305.98;12.88;155.88;301.55;175.72;17.67;295.90;19.98;120.45;295.08;9.93,121985.10
97e953f6-a184-4176-b6fc-424b81f2e723,3170.39,3266.79;3183.94;3348.42;4681.64;8394.44;3274.61;3457.72;4489.91;11.58;6066.26;14.99;3198.67;19.42;6387.58;1710.86;4302.97;5433.96;12374.12;3960.67;3261.51;6241.08;4334.36;3073.87;3351.28;3340.87;1549.64;13.64;26.35;61.61;95.41;132.76;38.52;76.48;85.29;337.72;30.55;79.57;400.63;669.01;13.04;9.95;151.02;49.55;814.66;69.71;178.08;124.36;140.98;210.03;192.97;307.72;146.45;283.77;17.73;331.87;25.81;149.32;114.59;296.70;5.56;857.15;301.41;17.16;156.14;302.42;176.87;15.83;294.41;21.44;120.48;290.82;14.21;271.82;59.09;233.36;56.46;189.33;159.01;261.20;18.60;302.53;18.34;301.45;27.02;266.33;19.79;302.87;43.33;283.66;17.35;125.13;198.79;104.24;327.33;19.12;421.19;27.32;145.99;289.39;15.62;294.26;7.00;197.50;319.36;91.60;26.58;181.14;122.55;4990.74,124903.65
c8354da3-7008-44a3-90a6-5f16c6e1c7f6,13076.03,1595.11;3278.45;3531.85;2821.51;4325.73;1763.41;1569.08;1644.42;2552.12;5552.52;4300.20;5434.16;12375.50;3959.78;3261.56;6241.59;4333.86;3073.88;3351.10;3341.01;1549.76;13.22;26.82;61.49;95.28;133.57;37.81;75.94;85.91;337.59;30.63;79.63;400.47;675.45;6.48;9.71;151.30;49.80;814.45;69.84;177.36;125.00;141.14;210.46;192.28;307.47;146.82;179.96;121.32;336.94;20.92;144.88;119.00;181.80;120.64;856.98;115.76;203.76;155.01;176.41;304.49;14.26;297.88;17.93;120.43;186.57;118.43;271.44;59.20;233.26;56.41;190.94;157.94;162.90;117.90;191.25;128.82;172.92;155.41;154.52;131.95;313.76;31.99;101.82;198.67;125.59;200.17;102.85;146.67;199.39;117.82;331.21;148.27;184.61;118.18;294.96;6.16;197.19;101.06;317.19;19.23;181.61;122.57;4978.64;28.61;8.18;200.51,112332.54
8578cd6e-72c4-46db-977a-1e50b1b68097,5830.42,1731.44;2.24;1561.25;3352.40;1527.72;3181.45;3349.13;4680.83;8392.19;3274.34;3458.90;4491.95;12.08;6069.53;10.66;3197.53;20.00;6388.40;5977.56;3863.06;1609.44;12372.59;3959.87;3261.32;6241.53;4334.02;3073.80;3351.36;3340.81;1549.72;13.39;26.54;61.63;95.38;133.64;37.86;75.70;86.01;337.50;30.64;79.66;400.47;675.38;6.52;12.25;148.96;49.77;814.54;69.83;177.18;125.17;141.11;210.11;191.94;308.18;146.94;285.41;15.88;336.02;21.62;149.25;114.75;295.95;6.20;857.17;304.94;13.85;155.96;300.84;176.26;17.82;295.49;20.41;120.44;290.20;14.83;270.45;213.81;79.56;58.15;189.26;157.97;262.35;17.56;303.28;17.46;300.69;27.83;267.01;19.27;313.01;32.36;295.71;5.42;125.56;288.72;14.30;328.72;17.29;423.60;25.48;332.47;103.23;15.33;294.98;6.19;196.98;321.28;90.74;24.59;285.71;19.42;4990.69;24.63;2.96;199.58;302.16,133183.15
e6a0daed-eac5-4a7c-a406-791077d190f3,6808.81,2821.74;4325.73;1752.39;13.03;3202.22;12.54;6389.00;5977.13;3863.05;1608.88;12373.21;3959.58;3261.57;6241.62;4333.92;3073.86;3351.05;3341.54;1549.44;14.71;25.15;61.57;95.19;133.55;37.77;76.05;85.85;337.63;30.62;79.64;400.43;675.41;6.48;11.53;149.47;49.83;814.46;69.77;177.41;125.20;140.93;210.48;192.29;307.55;146.79;289.11;12.07;337.38;20.51;148.99;114.92;295.90;6.49;857.02;307.80;11.70;154.97;303.77;177.86;13.60;304.93;10.86;120.46;294.80;10.17;271.45;291.10;0.03;59.17;189.49;157.94;262.57;18.57;302.66;17.24;300.84;27.42;272.34;14.24;314.95;30.65;294.91;6.25;124.85;288.97;14.04;329.76;17.31;423.51;24.54;333.07;103.70;14.28;294.97;6.16;197.22;322.20;96.45;18.82;286.02;18.16;4990.48;24.93;2.64;200.87;301.53;206.08;16.40;294.09,98319.81
9cec6a57-8ad2-46f2-9070-93e1d0d1eca0,4863.80,3209.24;7521.99;5607.32;3277.74;3534.11;2818.01;4327.81;1763.54;1569.06;1641.78;2554.89;5551.84;4265.50;5469.52;8589.19;6287.91;2953.39;5208.98;5617.57;3036.57;3330.92;3249.10;3206.06;21.68;26.67;61.51;95.32;133.63;31.03;82.62;85.96;337.53;30.64;79.63;400.45;675.53;6.27;6.36;154.87;49.78;805.54;78.86;177.27;125.05;141.10;210.35;184.48;309.80;152.48;178.74;109.77;194.40;176.09;145.96;118.01;183.15;119.24;856.95;115.81;190.87;156.11;188.01;126.99;191.91;121.63;194.21;110.64;196.43;104.11;195.73;149.22;231.87;59.44;189.22;157.98;162.85;117.56;191.67;111.36;190.36;127.84;183.26;130.56;202.94;142.56;102.05;193.53;113.55;217.57;88.53;160.72;199.62;117.74;331.33;148.04;184.64;118.37;180.93;120.22;180.84;117.24;220.65;115.88;181.45;103.81;4997.24;12.30;24.82;202.34;187.06;115.32;222.38;103.79;217.51;106.08;188.47,119994.73
dd280dee-ea5f-4aa9-bfd9-9296354bc691,8884.45,3531.44;2821.80;4325.70;1752.35;13.06;3202.16;12.59;6388.98;5977.17;3862.93;1609.02;12373.18;3959.57;3261.57;6241.61;4333.89;3073.86;3351.10;3341.30;1549.64;14.32;25.55;61.52;95.25;133.59;37.79;75.99;85.85;337.62;30.63;79.62;400.46;675.42;6.49;11.14;149.87;49.82;814.46;69.81;177.37;125.19;140.94;210.47;192.29;307.46;146.90;288.94;12.26;337.19;20.68;149.01;114.85;295.95;6.49;857.00;307.63;11.87;155.01;303.71;177.62;13.85;304.72;11.07;120.45;294.75;10.23;271.44;291.12;0.03;59.20;189.45;157.94;262.53;18.54;302.68;17.20;300.89;27.43;272.22;14.37;314.76;30.87;294.95;6.24;124.82;288.93;14.09;329.64;17.46;423.30;24.71;333.03;103.58;14.44;294.97;6.16;197.20;322.03;96.46;18.98;285.91;18.27;4990.45;24.96;4.65;198.89;301.42;205.04;17.41;294.00;27.58;293.82;4.60,104397.80
ad8b618d-428b-4d21-8f7d-98d0a2dab44a,8819.44,1752.64;12.70;3196.10;18.69;6389.07;5977.01;3863.16;1608.77;12373.26;3959.60;3261.53;6241.63;4334.00;3073.79;3351.02;3341.59;1549.43;14.65;25.20;61.62;95.12;133.56;37.79;76.01;85.85;337.64;30.62;79.66;400.41;675.39;6.53;11.44;149.50;49.85;814.45;69.76;177.44;125.18;140.91;210.48;192.30;307.55;146.79;289.31;11.97;337.43;20.36;148.98;115.00;295.83;6.49;857.03;307.97;11.51;154.97;303.77;178.34;13.12;305.15;10.63;120.56;291.67;13.20;271.45;291.10;0.03;57.70;190.97;157.94;262.61;18.53;302.83;17.07;301.07;27.19;272.74;13.95;315.02;30.46;294.91;5.41;125.69;289.02;13.98;330.05;15.97;424.74;24.36;333.12;109.41;8.53;294.98;6.15;197.23;322.37;96.50;18.58;286.13;18.05;4990.50;24.96;2.06;201.41;301.61;206.25;16.22;294.25;27.80;104.79;192.96;172.78;320.66;24.26,94295.26
82a4d6c6-d145-4584-8a4d-8faf420582a0,9732.47,1.77;12371.79;3959.70;3261.50;6241.15;4334.35;3073.79;3351.41;3340.78;1549.71;15.70;24.20;61.66;95.35;133.48;38.04;75.62;86.02;337.57;30.61;79.61;400.58;675.10;6.82;12.23;148.88;49.64;814.75;69.76;177.15;125.14;141.28;209.61;194.40;306.18;146.84;284.57;16.82;331.33;26.20;149.37;114.61;297.23;4.93;857.16;302.08;16.61;156.18;304.72;180.11;10.05;295.14;20.74;120.48;294.25;10.78;270.42;213.32;81.07;57.85;188.51;157.99;261.51;18.35;302.63;18.15;300.58;27.92;266.68;19.53;312.75;34.93;281.36;18.60;124.58;286.17;16.84;327.90;19.24;421.40;26.51;334.77;100.83;15.38;295.06;6.19;198.40;318.92;91.25;27.32;281.96;20.87;4990.58;24.59;5.79;196.47;304.80;197.76;22.24;292.80;28.25;295.01;4.65;172.29;317.96;26.17;289.62;15.47;219.41;120.45;410.93,73339.88
9663d172-37fa-4195-a7ff-37e0baf4ab46,6531.34,4680.63;8394.33;3276.18;1596.34;3532.91;2820.44;4326.55;1763.53;3197.92;19.09;6388.86;1711.82;4265.42;5469.44;12374.27;3961.05;3261.44;6241.58;4333.94;3073.87;3351.17;3340.95;1549.74;13.36;26.68;61.50;95.32;132.32;38.30;76.69;85.93;337.55;30.63;79.64;400.45;675.52;6.28;10.00;151.23;49.78;813.78;69.69;178.19;125.05;141.10;210.35;191.81;308.04;146.04;289.48;12.00;333.72;24.68;148.59;115.38;295.93;6.47;856.95;306.95;12.52;154.52;176.90;304.00;14.81;297.07;18.76;120.42;290.84;14.17;271.43;59.27;233.23;56.41;190.90;157.98;160.82;119.66;190.09;130.17;171.22;157.19;271.74;14.59;313.26;32.22;102.20;198.71;125.58;198.53;104.50;146.55;199.50;421.36;27.71;148.14;287.97;14.93;294.93;6.20;197.14;321.69;96.04;19.75;181.53;122.70;4978.47;28.82;8.10;200.47;304.28;203.29;19.11;293.88;27.45;104.35;194.61;172.63;318.96;25.61;165.58;138.65;219.49;121.33;296.18;308.18;19.66;291.02;14.46;388.36,122323.72
e1cb4633-b4a2-48a6-bf49-135bed8c1856,6732.31,1672.81;2827.91;6066.51;16.49;3197.92;18.82;6388.99;1712.57;4299.83;5434.10;12374.10;3961.27;3261.57;6241.61;4333.90;3073.85;3351.08;3341.41;1549.55;12.93;26.94;61.52;95.24;132.13;38.17;77.06;85.85;337.62;30.62;79.62;400.46;675.41;6.49;9.18;151.82;49.82;814.46;68.79;178.40;125.20;140.93;210.47;192.29;307.52;145.73;290.13;11.35;338.10;20.59;148.26;115.61;295.94;6.49;857.01;307.72;11.78;154.21;304.52;177.73;13.73;304.84;10.95;120.45;291.57;13.41;271.44;59.13;233.25;56.44;190.98;157.94;160.89;120.23;189.41;130.42;170.98;157.32;272.30;12.85;316.29;30.78;101.94;198.43;125.64;200.31;102.71;326.99;19.05;424.45;24.62;148.32;288.37;14.36;294.96;6.16;197.21;322.11;96.45;18.91;181.69;122.49;4990.47;18.05;6.90;200.41;304.59;205.16;17.31;294.03;27.59;103.65;194.69;172.76;320.37;24.43;169.55;134.17;219.60;121.42;296.10;309.52;18.41;291.53;14.54;394.14;16.73;296.79;10.14,107375.95
765561ff-5acb-4d55-8821-db3728cd88ce,4715.70,3415.14;3209.40;7521.60;5602.34;3282.88;3533.18;2818.95;4327.81;1763.58;1568.66;1642.17;2554.82;5550.80;4302.25;5434.03;12375.69;3959.70;3261.43;6241.52;4333.97;3073.89;3351.21;3340.92;1549.73;13.32;26.65;61.53;95.33;133.67;37.77;75.84;85.97;337.50;30.65;79.64;400.46;675.48;6.34;10.08;151.14;49.78;814.49;69.90;177.29;125.04;141.10;210.33;191.86;308.04;146.88;172.09;129.21;181.54;176.15;146.00;117.98;183.10;119.28;856.96;115.53;203.88;141.04;190.03;304.04;15.19;296.70;19.15;120.46;185.69;119.31;271.43;59.22;233.24;58.13;189.19;157.97;162.53;117.75;191.77;128.69;173.01;155.45;155.67;130.61;202.86;142.64;101.77;200.25;124.53;199.94;103.08;146.11;201.27;116.20;331.50;147.89;184.64;118.51;294.98;6.17;197.16;100.65;316.92;19.88;181.28;122.99;4978.01;29.19;8.13;202.39;186.96;318.44;19.25;103.80;217.43;106.09;193.15;172.41;186.46;158.17;165.47;138.93;219.47;121.25;296.15;308.00;19.92;290.81;14.53;141.13;270.04;73.32;234.27;4351.26,130278.41
a5ade685-8e2d-45f2-baca-e7bcaa96c363,10731.64,5607.02;3278.40;3531.95;2820.82;4326.42;1752.16;13.49;3195.68;19.09;6388.82;5977.19;3862.92;1609.14;12372.96;3959.78;3261.56;6241.57;4333.87;3073.88;3351.12;3340.99;1549.75;15.12;24.93;61.48;95.30;133.55;37.80;75.96;85.91;337.58;30.63;79.65;400.47;675.45;6.48;11.69;149.32;49.79;814.40;69.90;177.37;125.00;141.14;210.45;192.08;307.68;146.82;288.81;12.46;336.86;20.99;149.06;114.83;295.98;6.46;856.97;307.42;12.11;155.01;303.64;177.07;14.45;297.66;18.16;120.43;291.10;13.90;271.43;291.13;0.04;57.70;190.94;157.94;262.44;18.29;302.90;17.22;300.90;27.43;271.95;14.48;313.63;31.83;295.45;5.39;125.59;288.83;14.19;329.42;16.64;423.74;25.29;332.79;103.60;14.66;294.96;6.16;197.18;321.83;96.34;19.32;285.62;18.57;4990.53;24.89;4.76;198.76;301.33;204.25;18.17;293.90;27.50;294.20;4.56;172.68;319.81;24.94;296.69;7.27;219.57;121.34;410.56;194.21;19.30;291.37;14.52;398.07;12.94;301.81;5.23;4351.32;39.37;6.06;4870.62;1644.44,132036.74
1170ba01-97a0-49ac-aad1-29d600a142fd,4241.51,3304.62;21.75;1561.26;3351.17;1528.93;3181.44;3349.15;4680.78;8392.18;3277.20;3456.22;4491.86;12.00;6069.58;10.67;3197.94;19.59;6388.40;5977.53;3863.17;1609.31;12372.59;3959.86;3261.31;6241.55;4334.00;3073.81;3351.34;3340.85;1549.69;13.39;26.61;61.56;95.36;133.66;37.85;75.70;86.00;337.51;30.64;79.66;400.47;675.43;6.46;12.26;148.96;49.78;814.54;69.82;177.22;125.14;141.11;210.14;191.95;308.13;146.94;285.65;15.65;336.38;21.26;149.25;114.75;295.99;6.21;857.12;305.86;12.93;155.95;301.43;175.75;17.74;295.68;20.21;120.45;290.34;14.68;270.46;213.81;79.55;58.25;189.17;157.97;262.44;17.55;303.30;17.38;300.75;27.77;267.07;19.18;313.10;32.35;295.65;5.43;125.54;288.80;14.21;328.86;17.18;423.65;25.39;332.58;103.21;15.24;294.98;6.19;196.99;321.35;90.80;24.53;286.28;18.78;4990.69;24.68;2.91;199.60;302.19;202.44;19.82;293.86;27.30;106.04;193.44;172.38;317.95;26.38;290.03;14.71;219.42;120.73;411.03;192.48;21.01;290.18;14.91;398.83;12.53;299.94;7.81;4351.11;39.48;6.67;4869.67;1644.89;3356.16;17.56;3280.13,155785.92
4116286c-52c7-47bf-bd1e-d7dc4d3e539a,14875.96,2952.16;5208.78;5617.44;3037.03;3329.74;3251.05;3206.10;21.99;27.28;61.75;95.00;133.55;30.40;83.54;85.75;337.96;30.25;79.60;400.53;675.27;6.69;5.18;155.52;50.01;804.77;79.27;177.65;125.05;140.97;210.68;180.76;312.01;153.59;179.93;110.59;191.99;176.51;144.58;119.43;181.40;120.90;857.08;119.21;189.36;151.59;193.94;124.19;191.46;113.48;202.21;110.78;198.77;104.06;193.04;149.28;152.17;137.56;191.13;132.41;188.96;96.89;211.56;109.41;192.41;129.07;180.52;130.70;201.91;145.98;101.46;192.82;113.22;224.04;80.42;163.67;198.88;119.46;329.53;148.61;186.10;116.36;180.36;114.79;185.30;128.05;213.11;114.47;181.98;100.26;5001.15;11.57;24.61;200.59;186.55;118.58;222.16;100.14;222.18;104.35;187.92;177.55;185.92;159.76;168.96;127.71;215.73;107.99;319.57;115.53;212.91;94.92;211.39;140.21;254.67;87.54;234.53;4352.08;26.85;12.45;4860.69;16.17;1659.21;3358.78;3280.13;1579.93,85321.55
181abd3f-731c-433e-8c57-989a3fe6bde9,7220.57,6241.89;4333.95;3073.92;3350.59;3341.85;1549.39;12.65;27.31;61.80;94.97;133.47;37.62;76.40;85.76;338.03;30.17;79.53;400.62;675.20;6.74;4.63;155.97;50.10;814.16;69.77;178.03;124.68;141.02;210.68;192.01;307.54;146.86;181.42;120.20;181.57;175.74;144.64;119.37;182.62;119.72;857.05;120.66;198.70;141.27;193.87;306.12;9.21;309.05;6.63;120.42;189.15;115.71;271.48;59.20;232.99;56.73;191.14;157.64;163.84;117.38;191.02;128.78;173.09;155.12;155.37;132.03;201.36;144.34;107.26;192.16;125.67;206.21;96.75;147.79;198.39;120.52;328.51;149.06;186.82;115.19;180.42;120.66;197.42;110.36;309.24;18.05;182.32;121.43;4980.02;28.39;7.33;203.25;186.41;327.13;11.24;102.35;219.89;104.41;192.47;172.89;186.33;159.72;168.91;133.32;219.69;98.21;319.56;312.12;16.58;97.45;208.85;140.37;269.59;72.19;234.49;4352.17;26.95;12.36;4858.72;19.05;1658.26;3358.93;3279.97;1579.87;1520.00;1633.62,74609.22
306b49cf-1644-4b61-ba25-7787ccb9a4c9,3212.81,16.94;6387.17;1715.84;4298.53;5434.66;12373.64;3959.70;3261.51;6243.22;4332.26;3075.56;3349.61;3342.95;1547.59;13.48;26.41;61.66;95.36;133.47;38.05;77.40;84.17;339.33;28.90;79.62;400.58;674.06;9.38;9.26;150.34;51.15;813.25;69.75;178.71;123.57;142.45;208.44;194.37;307.58;145.40;284.41;17.06;332.26;25.27;145.87;118.11;297.19;4.97;857.16;302.01;16.58;156.28;180.16;304.04;12.04;305.90;8.64;120.48;294.06;10.97;272.58;59.02;233.18;56.62;189.77;158.00;162.01;120.28;189.30;129.02;172.38;156.14;266.61;19.60;312.54;35.09;99.36;200.61;124.62;199.41;103.60;145.99;201.11;115.86;332.08;145.96;298.82;6.21;296.27;4.99;198.35;318.75;100.44;18.31;181.93;120.94;4977.60;29.75;7.81;201.94;304.95;197.84;24.51;294.91;23.86;105.34;195.52;171.18;322.91;21.14;172.07;133.10;219.40;120.36;296.69;312.47;17.18;291.87;11.49;142.91;268.69;73.14;234.71;4351.03;26.86;16.95;4871.61;5.42;1654.44;3359.03;3280.09;1580.49;1520.21;1642.93;20.36,108072.13
3ce5827b-760a-47a2-85fd-616df170db4e,6424.30,3341.85;1549.38;12.62;27.33;61.95;94.91;133.48;30.47;83.49;85.92;337.97;30.04;79.54;400.73;675.03;6.88;4.89;155.57;50.22;814.04;69.74;180.18;123.00;140.65;210.61;183.42;309.50;153.67;197.54;104.08;183.92;173.24;144.66;119.39;183.13;119.22;857.05;121.14;198.13;143.29;192.58;123.45;191.27;121.92;193.74;111.09;198.68;115.42;184.99;145.84;151.94;137.76;191.10;157.57;167.31;113.91;191.61;128.19;174.01;154.20;156.93;130.65;200.20;145.38;107.86;191.45;125.73;206.32;80.81;165.14;196.88;121.40;327.64;150.72;185.81;114.56;180.51;120.55;197.43;110.47;213.35;113.88;182.44;105.53;4996.47;27.71;7.42;200.50;189.86;115.57;222.12;100.49;221.86;104.78;187.27;177.63;187.23;159.25;168.88;132.73;210.71;110.93;316.42;116.13;212.36;97.40;209.15;140.95;268.59;72.21;234.26;4352.27;27.37;12.08;4860.54;16.18;1659.57;3358.88;3279.85;1579.62;1520.05;1633.60;19.75,56834.36
a2f8571b-c8cc-4404-99d2-4ca0808605c9,13130.39,1678.40;3458.01;4494.69;4325.64;1752.22;13.31;3195.75;18.99;6388.88;5977.26;3862.89;1609.09;12373.01;3959.72;3261.56;6241.60;4333.86;3073.87;3351.11;3341.15;1549.71;14.96;24.98;61.50;95.27;133.58;37.80;75.93;85.91;337.60;30.64;79.63;400.47;675.43;6.49;11.65;149.36;49.81;814.46;69.83;177.37;125.12;141.02;210.46;192.29;307.46;146.82;288.86;12.42;337.02;20.85;149.00;114.87;295.94;6.50;856.98;307.46;12.06;155.01;303.69;177.36;14.12;298.05;17.75;120.45;291.45;13.54;271.44;291.12;0.03;57.70;190.94;157.94;262.49;18.40;302.81;17.21;300.88;27.45;271.93;14.56;313.85;31.89;295.01;5.42;125.59;288.89;14.14;329.54;16.54;423.77;25.26;332.95;103.48;14.63;294.96;6.16;197.19;321.87;96.46;19.15;285.82;18.37;4990.49;24.93;2.75;200.76;301.36;204.76;17.65;293.94;27.53;105.59;193.04;172.69;319.89;24.92;296.70;7.19;219.58;121.37;410.62;194.21;19.22;291.42;14.54;398.05;12.90;296.78;10.23;4351.33;39.37;6.06;4870.64;1644.45;3357.55;16.38;3280.11;1580.37;1527.71;1635.18;20.25;3798.85,140701.12
44aff8d6-c5d6-44ff-8a05-91e8d9177c51,6455.32,15.54;24.08;59.65;96.40;127.17;48.12;72.81;85.22;335.55;33.56;79.33;87.94;323.29;673.00;9.00;63.76;95.03;857.02;7.28;69.83;181.61;120.73;142.91;207.91;194.62;307.53;145.30;284.97;16.32;331.89;25.74;149.27;114.74;297.22;4.90;857.20;302.15;16.52;156.08;305.64;182.82;6.44;311.17;4.75;120.44;294.99;10.04;270.44;213.81;80.84;57.78;188.36;157.98;262.19;20.49;300.33;17.61;304.34;24.14;266.75;19.61;312.82;35.56;292.63;6.67;124.38;288.53;14.48;328.41;19.12;421.62;25.94;338.11;107.45;5.46;296.55;4.63;198.82;319.26;90.61;27.83;282.55;19.64;4990.68;24.62;165.94;36.60;305.52;196.70;22.21;293.34;27.83;295.14;4.35;172.45;323.68;20.49;289.68;15.25;219.39;120.53;410.96;199.71;14.00;293.82;11.17;398.67;12.77;299.80;8.04;4351.07;39.47;9.22;4866.96;1659.89;3358.83;1443.68;3403.00;1534.12;7.82;1635.02;20.34;3798.22;13.78;20.10,55895.19
d8baa8ea-24de-48dd-be8e-b0183d773827,7653.46,10.28;5832.64;1733.04;2.27;1560.41;3352.06;1528.93;3181.41;3349.14;4680.85;8392.19;3273.98;3458.36;4492.76;12.20;6069.47;14.04;3201.83;12.30;6388.42;5977.28;3863.15;1609.62;12372.63;3959.82;3261.38;6241.30;4334.23;3073.80;3351.38;3340.80;1549.71;15.75;24.18;61.62;95.39;133.63;37.87;75.65;86.06;337.48;30.66;79.66;400.48;675.36;6.55;12.26;148.96;49.73;814.58;69.83;177.16;125.19;141.11;210.10;191.70;308.38;146.97;285.20;16.09;335.88;21.75;149.26;114.75;294.27;7.85;857.20;303.80;14.89;156.05;300.27;176.46;18.18;295.32;20.60;120.43;295.09;9.94;270.45;213.81;79.56;58.13;189.28;157.97;262.27;17.58;303.25;17.54;300.63;27.83;266.82;19.53;312.93;26.22;301.92;6.60;124.40;288.63;14.39;328.57;18.98;421.97;25.57;332.33;103.28;15.41;294.97;6.20;196.95;321.23;90.74;24.55;285.73;19.52;4990.68;24.63;2.97;199.57;302.04;200.27;22.16;293.80;27.38;106.00;193.46;172.43;317.85;26.42;289.83;14.98;219.41;120.64;410.93;192.53;21.12;287.59;17.45;398.66;12.74;299.88;7.92;4351.10;39.47;6.29;4869.96;1644.93;3356.10;17.64;3280.12;1580.36;1528.09;1635.05;20.32;3798.44;13.64;18.47;103.51;152.51,174924.44
2e53baa6-175e-4590-af3a-52cf478cdcea,6366.27,3250.49;3205.90;15.59;24.08;72.40;94.92;133.47;30.48;83.49;85.86;338.02;19.84;79.34;411.14;87.82;594.07;0.03;63.94;146.74;805.29;68.83;189.83;122.97;130.21;211.60;192.32;309.85;127.67;223.77;93.50;194.50;154.17;163.73;119.39;183.00;119.35;835.28;142.91;189.29;150.74;193.84;123.55;182.84;122.03;202.08;108.60;201.16;103.94;196.38;145.92;151.95;137.77;191.10;132.83;192.05;100.56;204.90;112.09;190.08;128.47;182.69;116.97;215.57;117.84;133.72;186.12;111.68;225.78;80.73;165.14;182.54;135.73;303.94;174.35;185.87;107.67;187.47;114.61;185.72;128.12;213.21;96.01;200.45;105.45;4996.47;10.66;24.55;203.16;187.09;115.63;213.42;115.64;188.03;132.14;187.34;177.62;186.93;159.51;168.87;127.22;215.96;108.29;319.30;116.09;212.44;92.24;214.27;140.89;256.22;84.70;224.88;79.55;4309.41;12.13;6.83;4869.82;1659.53;3358.96;1442.24;3403.78;1533.54;7.25;1635.57;20.42;3798.90;14.12;17.66;103.39;159.68,66654.09
fbe6809f-fed7-415a-a5d0-91fa9af37cce,4878.37,3184.76;3348.13;4680.74;8394.31;3275.58;3456.82;1674.13;2828.53;6069.79;10.75;3198.21;19.18;6388.82;1710.06;4302.48;5434.03;12375.70;3959.70;3261.40;6241.54;4333.97;3073.87;3351.23;3340.91;1549.72;13.32;26.65;61.53;95.33;133.66;37.79;75.82;85.98;337.49;30.65;79.65;400.45;675.50;6.35;10.07;151.14;49.78;814.49;69.89;177.29;125.04;141.11;210.28;191.90;308.05;146.88;288.50;12.80;336.66;21.02;149.29;114.70;296.04;6.33;856.97;306.65;12.69;155.37;302.25;177.45;15.29;296.48;19.37;120.46;290.72;14.28;271.43;59.21;233.25;56.48;190.84;157.96;162.39;117.81;303.24;17.29;172.92;155.56;270.86;15.39;313.35;32.18;295.62;5.39;125.54;199.83;103.19;329.23;16.82;423.75;25.28;147.66;288.50;14.88;294.98;6.18;197.15;321.55;95.93;19.97;181.19;123.08;4990.61;16.54;8.18;202.38;302.40;202.83;19.37;294.10;27.11;106.07;193.22;172.41;318.41;26.14;297.09;7.40;219.46;121.05;296.29;307.72;20.23;290.73;14.54;398.84;12.39;300.16;7.46;4351.26;39.52;6.12;4870.32;4.46;1655.14;3359.02;3280.08;1580.45;1519.87;1642.95;20.28;22.05;3790.20;13.50;96.60;11.72;159.39;4223.11;13.91;5699.61,168177.01
c4bf8480-8141-45c2-b949-97753f554d1f,7949.97,7.47;6070.85;10.90;3197.87;18.79;6389.07;1712.67;4299.59;5434.70;12375.23;3959.60;3261.54;6241.62;4333.94;3073.84;3351.04;3341.57;1549.43;12.86;27.00;61.61;95.14;133.55;37.78;76.03;85.85;337.63;30.62;79.66;400.42;675.40;6.53;9.09;151.85;49.84;814.46;69.76;177.43;125.18;140.92;210.48;192.30;307.55;146.79;289.19;12.03;337.41;20.43;148.99;114.99;295.83;6.49;857.02;307.88;11.61;154.97;303.76;178.14;13.32;305.05;10.73;120.51;291.59;13.33;271.45;59.08;233.25;56.44;191.02;157.94;163.03;118.11;302.75;17.16;300.99;27.26;272.55;14.08;315.00;30.55;294.91;5.41;125.68;200.38;102.63;329.90;16.11;424.65;24.45;148.37;288.49;14.20;294.97;6.16;197.22;322.28;96.50;18.68;181.75;122.43;4990.49;18.00;6.92;203.52;301.57;206.19;16.28;294.14;27.86;104.81;193.03;172.77;320.55;24.32;296.47;7.18;219.61;121.45;296.13;309.61;18.28;291.58;14.54;398.18;12.66;296.85;10.04;4351.71;39.49;5.64;4870.61;3.70;1656.25;3358.50;3280.21;1580.16;1519.91;1643.05;20.15;21.86;3791.09;12.84;96.76;11.57;159.44;4225.76;11.23;5699.88;4306.21,147769.84
6e498f44-3aa2-47f2-bd96-93bf83d8cd0c,3354.60,1528.74;3182.48;3348.13;4680.78;8394.28;3275.12;3457.20;4491.88;10.91;6064.98;15.51;3198.15;19.28;6388.76;5977.11;0.03;5469.47;12374.42;3960.99;3261.36;6241.55;4333.98;3073.86;3351.26;3340.90;1549.71;13.34;26.64;61.54;95.34;132.42;38.39;76.45;86.00;337.49;30.65;79.65;400.45;675.50;6.37;10.07;151.14;49.78;813.91;69.71;178.06;125.04;141.11;210.24;191.94;308.05;146.16;289.14;12.34;332.78;25.44;148.76;115.23;296.04;6.27;857.02;306.41;12.86;154.88;302.70;177.09;15.75;296.28;19.58;120.45;290.50;14.51;271.42;59.21;233.26;56.47;190.84;157.96;260.83;19.29;301.83;18.75;300.99;27.50;267.28;18.97;313.28;32.24;295.58;5.43;125.54;198.53;104.50;327.17;18.88;421.32;27.71;147.58;288.50;14.96;294.98;6.19;197.13;321.42;95.97;20.08;282.72;21.55;4990.61;16.50;9.91;198.70;304.36;202.77;19.42;294.06;27.15;104.78;194.57;172.40;318.31;26.16;295.83;8.75;219.45;120.91;411.04;192.78;20.55;290.64;14.55;387.77;23.52;297.32;10.35;4351.23;39.53;6.12;4870.27;1644.71;3356.22;17.71;3280.07;1580.48;1527.80;1635.03;20.28;3798.64;13.59;18.32;91.06;164.91;4204.96;24.90;14.09;5699.56;4306.28;7356.52;4.61;3055.45;3956.35;1764.86,186152.08
e162d066-11db-44a5-a2c8-116303638ba6,13981.04,2500.72;2952.21;5209.83;5617.62;3035.80;3331.74;3249.05;3206.10;22.00;27.22;61.76;95.00;133.54;30.37;83.58;85.75;337.93;30.28;79.61;400.54;675.27;6.66;5.25;155.48;50.00;804.81;79.24;177.65;125.03;140.99;210.51;183.56;309.78;153.19;179.88;121.68;180.93;176.54;144.56;119.44;182.56;119.76;857.06;118.97;200.45;142.68;191.96;124.20;191.49;121.60;194.09;110.56;198.98;115.85;181.18;149.41;231.98;57.76;191.09;157.76;163.56;117.66;190.80;112.55;189.25;128.99;181.66;132.00;201.38;144.21;101.41;198.39;125.60;206.19;83.37;160.45;199.16;117.61;331.35;148.57;185.75;116.73;180.40;120.73;197.41;101.30;221.59;114.65;181.95;105.74;4995.67;11.52;24.63;203.35;186.13;116.22;222.18;102.45;219.87;104.40;187.94;177.55;185.88;159.66;169.08;133.74;209.69;110.63;316.95;115.32;212.97;94.81;211.51;140.29;257.69;84.61;234.51;4352.03;26.91;12.40;4860.62;16.18;1659.21;3358.78;3280.21;1579.96;1519.87;1633.71;20.11;31.11;3777.36;26.78;96.73;11.61;159.46;4228.78;8.15;3973.72;3439.76;6082.75;3870.51;3055.99;3958.67;2.17;1760.20;1835.24;1781.11,126731.50
32cab1f0-0471-4cc6-9579-b7146db06be9,8028.36,8394.30;1594.93;3278.38;3533.22;2815.56;4330.48;1763.50;1569.06;1647.92;6387.46;1713.51;4300.42;5434.12;12374.23;3961.07;3261.55;6241.52;4333.90;3073.89;3351.14;3340.98;1549.74;13.30;26.76;61.48;95.31;132.32;38.24;76.76;85.91;337.57;30.63;79.65;400.46;675.47;6.46;9.78;151.26;49.79;813.75;69.68;178.23;124.12;142.02;210.42;192.02;307.77;145.99;179.85;121.63;335.33;23.11;144.97;118.13;296.81;6.46;856.96;307.33;12.18;154.43;176.98;304.14;14.64;297.48;18.34;120.42;290.99;14.02;271.43;59.24;233.26;56.37;190.94;157.23;161.70;119.67;189.99;130.18;171.22;156.38;155.22;130.94;302.94;43.47;100.29;200.62;125.58;198.60;104.42;146.61;199.45;117.75;330.58;148.94;288.08;13.96;295.75;5.51;197.83;101.01;316.97;19.50;181.57;121.85;4979.35;27.89;8.95;200.51;304.30;203.46;18.95;101.21;220.17;104.25;194.56;172.66;319.73;24.97;165.52;137.92;220.15;119.23;298.29;308.50;19.37;291.31;14.43;140.77;270.37;72.82;234.27;4351.31;27.75;15.42;4872.85;4.24;1655.28;3358.95;3280.10;1580.40;1519.92;1642.98;20.25;21.43;3790.93;12.69;96.46;12.55;159.36;4224.76;12.24;5699.82;4306.43;3486.89;3873.39;3055.94;3956.53;1730.30;36.02;1833.27;1781.28,179942.72
6d7fbbba-b6a4-4269-b822-969d25ca73aa,6580.62,3206.23;14.62;24.37;72.07;83.72;127.08;48.08;72.95;96.36;324.39;33.52;79.35;411.10;87.85;594.05;0.30;63.71;146.69;804.92;69.24;176.50;123.83;142.68;211.61;190.49;311.68;127.44;208.42;108.96;194.53;154.16;164.23;95.90;206.02;112.70;841.88;142.98;189.14;150.78;193.81;123.58;182.88;122.05;195.72;114.65;201.47;107.46;192.56;146.28;231.72;59.04;180.60;142.24;192.10;100.10;205.22;112.18;189.89;128.61;182.74;116.95;215.53;117.96;133.53;186.30;113.48;223.93;83.47;162.26;182.47;135.64;304.20;173.83;186.30;107.77;187.51;114.64;185.64;128.16;213.03;96.17;200.48;105.41;4996.33;10.82;24.54;164.87;225.19;115.74;213.50;115.61;188.02;132.04;187.47;177.62;186.65;159.69;168.85;127.32;215.84;108.31;319.29;116.03;212.60;97.40;209.00;140.54;256.68;84.70;229.17;75.13;4309.40;12.27;7.36;4869.30;1659.47;3358.95;1442.36;3403.76;1533.54;7.29;1635.55;20.39;3798.88;14.08;17.75;103.37;159.62;4229.42;0.12;10.60;5696.95;4307.63;7354.79;3060.33;3958.61;1.93;1760.16;1835.21;1.25;1780.07;75.42;74.36;14.51;177.37,93816.47
f7fe7ef1-7181-436f-bf4d-b405210e2c01,16332.81,3261.45;6241.89;4333.91;3073.91;3350.67;3341.84;1549.38;12.61;27.29;61.75;94.99;133.55;37.61;76.32;85.76;337.98;30.25;79.59;400.53;675.27;6.69;5.18;155.52;50.01;814.25;69.78;177.65;125.05;140.97;210.69;192.05;307.54;146.77;180.03;121.62;180.96;176.41;145.12;118.89;182.55;119.75;857.08;119.86;199.50;142.77;192.04;304.39;11.18;309.03;6.67;120.50;189.06;115.79;271.48;59.12;233.07;57.90;189.90;157.72;163.74;117.48;190.94;128.86;172.99;155.22;155.27;132.08;201.31;144.26;106.92;193.31;125.05;206.21;96.75;147.44;199.42;119.18;329.17;148.68;186.16;116.22;180.35;120.73;197.42;110.13;309.30;18.14;182.05;121.79;4979.64;28.76;7.33;203.25;186.18;327.13;11.36;102.36;219.95;104.38;192.54;172.88;185.99;159.75;168.95;133.60;219.67;121.63;296.09;311.90;16.58;291.62;14.65;140.25;269.95;72.17;234.52;4352.10;26.87;12.43;4860.75;16.15;1659.20;3358.77;3280.14;1579.90;1520.02;1642.99;20.04;21.79;3791.35;12.72;96.74;11.63;159.46;4229.14;7.76;3973.72;3439.85;6082.84;3870.33;3056.35;3958.42;1727.82;34.56;1835.21;1781.20;75.54;1.40;87.47;177.12;91.02;202.82,125823.60
c12cdcc1-5781-4141-8f16-3f3036e7d809,6624.18,7522.08;5607.35;3277.90;3533.80;2819.55;4326.43;1763.52;1569.02;1648.00;2548.67;5552.14;4300.54;5434.15;2.60;12372.97;3959.73;3261.50;6241.56;4333.91;3073.88;3351.15;3340.97;1549.74;15.17;24.88;61.49;95.31;133.59;37.81;75.91;85.91;337.56;30.63;79.65;400.45;675.50;6.28;11.94;149.28;49.79;814.39;69.96;177.31;125.05;141.10;210.35;191.91;307.94;146.87;288.72;12.54;336.79;20.99;149.14;114.83;295.93;6.47;856.95;307.23;12.26;155.09;303.46;176.94;14.72;297.29;18.54;120.42;290.92;14.09;271.43;291.16;1.33;58.05;189.26;157.98;262.36;18.19;302.95;17.26;300.91;27.48;271.89;14.50;313.54;31.88;295.55;5.36;125.58;288.78;14.24;329.31;16.75;423.70;25.37;332.71;103.49;14.85;294.93;6.20;197.14;321.78;96.02;19.69;285.58;18.66;4990.53;24.86;165.62;36.68;302.47;203.38;19.02;293.93;27.43;294.36;4.53;172.65;319.60;25.03;296.80;7.35;219.50;121.36;410.49;194.07;19.45;291.22;14.32;398.42;12.89;301.79;5.35;4351.29;39.42;8.85;4867.74;1644.50;3356.28;1461.23;3403.22;1533.69;7.84;1635.13;20.26;3798.68;13.62;18.14;103.62;152.41;4231.49;9.60;6.18;5696.48;4308.70;7353.87;6.46;3053.62;3956.49;1764.72;1834.91;2.25;1779.02;75.45;5.69;82.80;177.23;92.04;294.73;22.43,182639.65
fae13372-f96c-4dc8-98b0-b5317d9ae56f,10575.34,3073.93;3350.53;3341.91;1549.37;12.63;27.32;61.86;94.97;133.47;30.45;83.54;85.77;338.08;30.10;79.55;400.63;675.14;6.77;4.62;155.97;50.11;814.13;69.76;180.01;122.87;140.92;210.61;192.00;307.54;146.87;181.99;119.74;183.79;173.44;145.00;119.00;182.84;119.51;857.08;121.06;198.23;141.53;193.87;123.59;191.59;113.36;202.24;106.36;203.22;115.66;184.23;146.50;232.95;57.81;190.10;157.61;167.22;114.00;191.26;128.54;173.50;154.71;156.67;130.87;201.58;144.03;107.50;192.41;125.13;206.25;96.71;148.71;197.49;120.81;328.23;149.84;186.31;114.92;180.45;120.62;197.43;110.39;212.94;114.36;182.37;121.34;4980.32;28.09;7.36;203.24;186.72;329.19;8.91;106.70;215.63;104.52;187.54;177.61;186.57;159.70;168.87;133.07;210.08;108.22;319.38;115.99;212.67;92.27;214.09;140.51;269.31;72.17;234.41;4352.23;27.04;12.30;4858.81;18.96;1658.33;3358.95;3279.88;1579.81;1520.01;1632.83;30.38;21.64;3791.31;13.35;96.16;11.62;159.59;4229.29;7.49;3972.89;3439.28;6084.51;3869.94;3056.47;3958.58;1727.54;34.58;1835.21;1781.29;49.21;27.00;88.11;177.33;90.72;205.77;111.76;109.63;194.74,106621.88
adcc8651-2789-46b1-bed8-efe476e750c8,12365.99,0.03;5470.02;12375.14;3959.58;3261.53;6241.88;4333.87;3073.88;3350.79;3341.76;1549.31;12.69;27.20;61.69;95.08;133.53;37.71;76.21;85.77;337.75;30.48;79.62;400.48;675.35;6.60;9.26;151.55;49.95;814.31;69.79;177.60;125.06;140.96;210.55;192.26;307.58;146.68;290.13;11.31;338.34;19.25;148.90;115.10;295.86;6.45;857.05;308.37;11.05;154.95;303.82;179.59;11.95;306.34;9.39;120.53;292.91;11.96;271.51;59.02;233.17;56.62;191.09;157.75;260.31;20.91;303.15;16.70;301.46;26.75;273.03;14.03;320.26;25.29;294.50;5.46;125.59;206.13;96.86;330.90;15.25;424.94;24.04;148.52;295.29;7.25;295.15;5.98;197.37;322.75;96.55;18.20;286.60;17.41;4990.86;17.53;7.23;200.40;304.96;207.72;14.61;294.96;27.35;104.42;192.87;172.76;321.73;23.65;296.80;6.18;219.66;121.57;410.97;196.41;16.78;291.92;14.42;397.99;12.50;297.34;9.43;4351.98;39.33;5.40;4870.90;1644.38;3357.45;16.57;3280.16;1580.06;1527.64;1635.42;20.10;3799.04;14.05;12.75;96.68;163.89;4204.67;29.49;9.98;5700.29;4306.91;7355.62;3.97;3055.91;3958.60;1762.51;1835.23;1.36;1779.65;75.82;3.94;84.43;177.31;90.41;293.85;24.30;298.61;5.82;229.00,144205.99
2b8a2a33-692d-456e-937a-a654380d2a6d,4710.92,1679.10;3209.18;7522.01;5607.02;3278.08;3533.12;2818.98;4327.82;1763.52;1568.90;1641.98;2554.88;5551.15;4301.76;5434.04;12375.68;3959.69;3261.44;6241.52;4333.98;3073.88;3351.18;3340.94;1549.73;13.32;26.66;61.52;95.33;132.35;39.12;75.79;85.97;337.51;30.66;79.63;400.46;675.54;6.28;9.74;151.48;49.78;814.49;69.91;177.27;125.05;141.10;210.34;191.85;308.05;146.87;172.84;128.46;336.71;20.98;145.06;118.92;181.82;120.56;856.96;115.71;203.71;155.26;175.97;304.21;14.85;296.91;18.94;120.46;186.50;118.50;271.43;59.22;233.25;56.43;190.87;157.98;162.67;117.68;190.14;130.27;171.12;157.31;154.38;131.89;200.78;144.72;101.91;199.05;125.58;200.07;102.95;146.18;199.83;117.65;331.42;147.97;184.64;118.43;294.98;6.17;197.16;100.76;316.89;19.80;181.36;122.91;4978.12;29.12;8.09;200.42;187.50;319.97;19.16;101.26;220.00;106.09;193.08;172.42;318.46;26.23;165.52;138.79;219.48;121.29;296.16;308.12;19.76;290.89;14.53;141.13;269.99;73.30;234.25;4351.28;27.47;15.21;4873.27;4.12;1655.45;3359.01;3280.09;1580.42;1519.89;1642.97;20.26;21.42;3790.87;12.77;96.50;12.50;159.37;4224.40;12.61;5699.73;4306.49;3486.76;3873.94;3055.50;3956.44;1730.43;34.34;1834.90;1781.26;75.48;2.32;86.05;177.30;91.38;200.16;117.71;285.64;18.67;88.05;151.98;199.04,186260.76
fb41cfca-2814-461e-972b-6c2d0ec4b89e,6406.53,1713.52;4298.92;5434.65;12375.12;3959.63;3261.53;6241.67;4334.01;3073.81;3350.91;3341.67;1549.40;12.76;27.13;61.63;95.11;133.50;37.78;76.12;85.79;337.68;30.60;79.59;400.46;675.37;6.57;9.34;151.51;49.90;814.40;69.76;177.54;125.10;140.94;210.50;192.35;307.57;146.73;179.65;121.69;338.20;19.46;145.39;118.61;182.64;119.66;857.04;115.49;203.98;154.95;178.34;304.56;12.38;305.49;10.28;120.57;186.17;118.70;271.46;59.01;233.23;56.54;191.13;157.78;163.43;117.75;190.74;129.17;172.63;155.58;155.20;131.63;317.91;27.72;101.60;198.49;125.63;200.41;102.59;146.62;199.49;117.59;331.43;148.37;185.02;117.66;295.07;6.06;197.32;100.96;318.10;18.40;181.83;122.27;4979.12;29.30;7.15;203.38;185.98;323.31;14.93;102.74;219.40;104.59;192.97;172.75;321.13;24.04;169.24;134.02;219.63;121.51;296.08;310.31;17.67;291.85;14.41;139.89;270.77;72.38;234.47;4351.90;27.06;15.32;4873.24;3.95;1655.89;3358.59;3280.22;1580.09;1519.93;1643.09;20.10;21.82;3791.25;12.79;96.68;11.68;159.41;4226.42;10.49;5700.11;4308.22;3487.52;3870.92;3055.79;3957.00;1729.67;34.45;1835.28;1780.95;75.89;1.45;86.88;177.19;91.54;202.50;114.72;298.46;5.91;88.35;151.62;204.15,144612.54
c8205569-dcca-48b5-b4c4-af31b10bd9b5,1578.02,1615.22;3266.59;3183.73;3347.83;4682.05;8392.18;3276.41;3457.49;4491.67;10.19;6071.26;10.63;3205.24;12.21;6388.45;1709.69;4303.25;5433.92;12375.86;3959.67;3261.33;6241.55;4334.01;3073.81;3351.31;3340.89;1549.69;13.36;26.63;61.56;95.34;133.70;37.80;75.72;86.04;337.49;30.65;79.65;400.46;675.45;6.43;10.07;151.15;49.78;814.53;69.87;177.22;125.08;141.12;210.19;191.94;308.10;146.93;287.80;13.49;336.57;21.07;149.32;114.67;296.00;6.25;857.09;306.32;12.90;155.51;301.63;175.97;17.34;296.09;19.78;120.45;295.14;9.87;271.37;59.24;233.16;58.29;189.13;157.97;262.52;17.54;303.32;17.31;300.81;27.70;267.15;19.10;313.19;32.28;295.63;6.49;124.48;199.76;103.26;329.00;18.46;422.31;25.32;147.44;288.55;15.04;294.98;6.19;196.99;321.46;95.06;21.03;180.57;123.69;4990.67;16.46;8.21;202.47;302.29;202.70;19.48;294.01;27.20;106.13;193.26;172.39;318.20;26.20;290.44;14.23;219.43;120.82;296.51;307.27;20.66;290.55;14.59;398.99;12.33;300.18;7.54;4351.13;39.55;6.16;4870.22;4.36;1655.29;3358.93;3280.05;1580.54;1519.97;1642.92;20.30;22.08;3790.12;13.51;96.61;11.74;159.34;4219.93;17.08;5699.42;4309.12;7353.77;4.71;3055.39;3956.26;1730.75;36.11;1832.71;1781.62;75.50;5.81;82.31;177.49;92.22;201.24;115.86;285.20;19.06;219.36;20.71;203.60;185.24;57.94;198.04;94.13,191846.95
298bdb17-4439-4f7b-8e56-a7a092ce8e25,14022.14,6287.60;2952.74;5208.86;5617.43;3036.99;3329.76;3251.03;3206.09;21.03;26.48;63.43;93.59;133.50;31.80;83.62;84.28;339.24;28.91;79.60;402.06;673.73;8.20;5.32;154.28;51.15;804.85;78.14;178.72;123.58;142.44;208.44;183.02;311.99;152.46;180.96;103.82;198.81;175.30;145.82;118.15;182.73;119.43;857.16;109.89;192.27;159.23;193.92;124.29;191.50;113.48;201.07;106.86;203.54;104.39;192.86;149.46;152.18;137.60;189.79;157.99;162.10;99.48;210.13;110.85;190.83;130.30;180.86;130.79;201.78;145.90;99.46;193.50;107.19;223.85;88.01;161.56;201.11;116.53;331.38;146.99;188.16;115.83;181.51;114.76;185.29;119.09;218.18;118.31;181.93;100.29;5001.05;10.15;24.59;202.27;186.46;118.38;222.19;100.29;218.59;105.85;189.12;176.90;187.36;156.83;171.93;133.07;210.34;108.01;318.12;116.59;213.07;94.46;208.91;143.28;254.47;86.97;234.65;4351.05;26.91;12.51;4862.27;17.45;1656.16;3359.02;3280.10;1580.46;1520.20;1634.59;20.10;14.74;3791.58;27.94;96.56;11.58;159.43;4214.37;22.88;3974.63;3439.60;6079.86;3872.90;3055.27;3956.02;6.17;1758.87;1834.66;1781.51;51.11;27.46;82.32;180.28;92.14;200.62;116.72;110.51;193.72;89.52;128.45;225.44;147.19;96.26;198.02;93.78;146.54,132880.03
4d333046-1b08-4941-a01d-71d2c693f086,9502.50,4333.91;3073.94;3350.56;3341.86;1549.39;12.64;27.31;61.80;94.97;133.47;30.45;83.56;85.77;338.04;30.17;79.51;400.63;675.19;6.74;5.08;155.51;50.10;814.17;69.76;178.05;124.67;141.02;210.67;192.00;307.54;146.87;181.51;120.16;183.22;174.03;144.64;119.37;182.69;119.65;857.06;120.96;198.39;143.02;192.20;306.39;8.92;121.79;193.83;111.03;198.54;115.70;271.49;59.20;232.99;56.81;191.06;157.65;163.95;117.27;191.08;128.71;173.25;154.96;155.53;131.93;201.40;144.24;107.36;192.05;125.68;206.21;96.75;147.93;198.26;120.60;328.43;149.13;186.82;115.12;180.41;120.66;197.43;110.35;212.75;114.55;182.37;121.38;4980.11;28.30;7.32;200.64;189.13;327.13;11.18;100.30;221.94;104.45;187.68;177.61;186.41;159.72;168.89;133.25;219.70;101.61;316.19;115.86;212.82;97.55;208.77;140.42;269.53;72.15;234.47;4352.21;26.95;12.34;4860.71;17.08;1658.27;3358.94;3279.97;1579.84;1519.98;1633.63;29.61;21.64;3791.31;13.27;96.14;11.69;159.53;4229.13;7.69;3973.63;3440.08;6082.80;3870.14;3056.42;3958.54;1727.64;34.55;1835.21;1781.23;49.31;26.98;88.09;177.25;89.92;201.25;117.18;109.59;194.76;88.53;151.59;204.04;182.90;59.56;198.00;94.97;143.67,111110.34
a13417db-fa6d-4520-b8ac-2dce50657e5b,7408.16,3350.02;3341.92;1549.38;12.62;27.32;61.90;94.92;133.47;30.48;83.50;85.82;338.05;30.09;79.55;400.68;675.08;6.81;4.97;155.58;50.16;814.09;69.75;180.10;122.88;140.83;210.61;192.00;307.54;146.87;197.57;104.21;183.84;173.34;144.61;119.39;181.58;120.77;857.08;121.10;198.18;143.11;192.51;123.51;191.45;121.79;193.82;111.04;198.71;115.48;184.76;146.01;232.91;56.81;191.09;157.62;167.26;113.95;191.43;128.36;173.76;154.44;154.45;130.41;202.77;145.53;107.68;191.64;125.73;206.28;80.65;165.15;197.07;121.16;327.87;150.09;186.26;114.73;180.48;120.59;197.43;110.43;213.13;114.14;182.41;121.30;4980.52;27.91;7.38;200.52;189.63;115.69;222.20;100.33;222.03;104.64;187.40;177.62;186.78;159.62;168.86;132.90;210.28;111.19;316.41;116.06;212.52;97.43;209.02;140.80;268.88;72.19;234.33;4352.25;27.19;12.21;4860.57;17.22;1658.36;3358.96;3279.86;1579.71;1520.04;1633.57;29.66;20.82;3792.14;13.31;94.72;13.08;159.65;4214.59;22.08;3973.53;3440.10;6079.45;3873.53;3056.55;3958.62;1730.12;31.96;1835.20;1781.34;49.92;26.70;87.64;177.42;89.64;201.34;117.13;109.72;194.66;88.88;151.32;203.91;182.91;58.54;199.00;95.07;144.30,101607.72
82287b44-e343-411e-bbd4-9b859bfe6da6,8161.03,5617.27;3037.14;3331.80;3249.01;3206.07;15.37;24.08;71.37;95.10;133.51;30.40;83.49;85.80;337.68;21.16;89.02;400.46;675.37;6.56;5.44;155.41;49.90;804.96;79.19;177.55;125.09;140.94;210.50;183.76;309.79;126.36;206.49;110.03;192.61;176.61;144.55;119.44;181.40;120.91;857.05;116.97;191.25;151.73;192.91;125.35;191.51;121.38;194.38;110.55;196.31;105.65;193.95;149.45;152.17;137.60;191.13;132.41;188.92;96.68;211.80;109.32;192.48;128.54;181.09;132.74;199.82;145.79;101.66;192.91;113.30;218.32;84.55;164.64;183.84;133.22;307.11;172.68;185.03;110.02;188.00;114.63;185.08;119.35;221.52;114.90;181.90;100.11;5001.34;11.48;24.85;200.34;189.12;115.72;207.63;115.17;194.30;132.12;188.20;177.45;185.64;159.61;169.23;127.57;215.93;110.47;317.26;114.48;213.45;94.48;211.84;139.93;254.94;88.11;224.77;79.00;4309.67;12.24;4860.64;17.49;1658.04;3358.57;1443.19;3403.41;1533.60;1633.73;20.10;15.10;3793.23;25.93;96.56;12.78;159.45;4226.52;10.35;5.11;5695.02;4306.98;7355.61;3059.85;3957.04;4.00;1760.08;1835.27;1766.86;64.64;25.33;88.34;166.59;84.94;216.85;93.22;133.89;194.83;88.44;132.76;223.00;148.73;93.01;190.33;85.90;162.13;153.89,112767.88
485db4cb-f267-4c42-a1bb-604f6199e3db,4195.94,5553.77;4299.04;5434.65;1.90;12371.75;3959.75;3261.51;6241.14;4334.32;3073.87;3351.32;3340.82;1549.68;16.33;23.59;61.65;95.38;133.44;38.09;77.27;84.29;337.69;30.54;79.63;400.58;673.15;10.19;11.36;148.36;49.53;814.85;69.75;178.59;123.70;141.29;209.60;194.29;307.56;145.49;284.14;17.34;331.76;25.77;149.41;114.56;297.15;5.01;857.17;301.89;16.69;156.30;304.65;178.99;11.28;294.91;20.93;120.48;293.09;11.94;270.41;293.24;0.03;59.03;188.45;158.00;263.83;16.00;305.39;15.38;302.74;25.79;266.53;19.68;303.17;44.26;294.66;5.43;124.69;290.21;12.81;331.39;15.64;421.46;26.55;334.33;101.14;15.51;296.15;5.11;198.26;318.76;91.47;27.23;286.39;16.62;4991.82;24.83;165.20;35.09;304.89;197.94;22.42;287.34;33.46;296.29;3.66;172.25;317.87;26.06;299.59;5.72;219.38;120.27;412.75;195.68;16.59;293.01;11.24;401.39;10.72;303.50;4.37;4350.98;41.05;8.05;4866.33;1645.37;3356.07;1462.12;3403.35;1533.64;7.73;1634.38;20.37;3799.70;12.25;17.92;105.07;151.64;4233.97;0.12;14.32;5694.35;4309.05;7355.57;5.67;3053.17;3955.92;1766.22;1835.29;1.29;1778.37;75.88;6.26;78.88;180.23;92.17;296.57;20.80;284.44;19.75;221.95;18.14;353.32;34.88;63.25;193.34;93.68;311.31;26.12;2609.22;17.09;21.66,149767.72
197fcab6-4be2-4e0c-9630-979980155c61,5282.42,12.66;24.69;165.88;223.52;115.33;202.63;123.53;190.01;133.33;188.97;141.88;221.29;131.67;191.90;124.65;224.17;108.19;318.79;114.62;192.54;116.17;194.99;156.19;257.53;85.50;226.98;74.76;4311.50;12.05;9.08;4867.29;1659.62;3358.97;1443.87;3403.15;1533.57;7.92;1634.99;20.30;3798.52;13.64;18.42;103.48;159.31;4218.88;15.48;6.18;5695.87;4309.17;7353.76;3053.05;3963.26;5.38;1759.69;1834.56;2.81;1778.79;75.52;75.54;12.51;177.53;92.26;294.51;22.58;284.99;19.27;219.18;20.87;351.39;37.22;62.28;193.93;94.06;300.81;36.20;2609.37;16.37;21.57;191.25;1781.52,76913.97
84fb5428-2eaa-41de-a165-a9a0930bf519,8894.62,14.28;3200.07;18.60;6387.15;1714.96;4264.01;5469.87;12373.54;3961.32;3261.53;6241.63;4334.01;3073.81;3349.80;3342.80;1547.71;14.51;27.07;61.63;95.11;131.99;38.16;77.21;85.84;337.66;30.61;78.09;401.97;675.38;6.53;9.42;150.34;51.03;813.36;69.76;178.54;123.74;142.35;210.49;192.30;307.56;145.54;283.89;17.58;332.21;25.32;149.42;114.56;297.11;5.05;857.16;309.37;9.20;156.30;178.97;304.32;12.82;305.24;10.53;120.56;291.74;13.13;271.46;59.05;233.24;56.54;190.96;156.88;161.95;120.26;189.35;130.56;170.85;156.18;266.36;19.85;302.99;44.38;99.50;200.63;124.71;199.35;103.66;145.92;201.07;421.41;26.64;146.22;297.95;6.81;296.11;5.15;198.22;318.69;100.25;18.51;181.82;121.22;4980.06;27.24;7.88;201.70;304.83;206.65;15.82;294.32;27.76;103.00;194.68;171.21;322.35;24.20;169.37;133.35;219.35;120.19;296.81;311.35;18.15;291.63;14.54;394.73;14.22;299.00;9.72;4351.74;27.22;15.12;4871.23;6.17;1654.02;3359.04;3280.09;1580.52;1520.22;1642.88;20.37;22.07;3791.69;11.94;96.51;12.73;159.47;4213.18;23.02;5700.73;4306.07;3486.88;3873.32;3055.21;3957.83;1729.87;35.92;1832.14;1781.28;77.24;4.09;77.52;183.72;90.93;200.42;116.92;284.30;20.75;217.04;22.92;202.52;184.95;58.53;198.79;94.51;298.90;37.71;2608.38;11.15;27.05;191.25;184.31;1625.22,162072.62
09433b6a-1799-4fcc-a089-0b9aef68d41c,3331.45,1644.59;2551.86;5553.86;4299.06;5434.70;1.95;12373.26;3959.64;3261.53;6241.67;4333.99;3073.81;3350.93;3341.66;1549.39;14.09;25.81;61.63;95.11;133.51;37.79;76.07;85.84;337.67;30.61;79.59;400.47;675.38;6.52;10.89;150.00;49.90;814.41;69.76;177.50;125.13;140.95;210.49;192.30;307.56;146.78;289.67;11.62;337.49;20.23;148.98;115.00;295.86;6.44;857.04;308.19;11.29;154.96;303.77;178.79;12.71;305.35;10.42;120.56;294.77;10.09;271.46;291.09;0.03;59.06;189.71;157.81;262.69;18.50;302.87;17.03;301.11;27.10;272.91;13.84;315.05;30.61;294.67;5.44;125.66;289.11;13.89;330.19;15.87;424.78;24.29;333.20;110.14;7.72;295.03;6.10;197.27;322.43;96.59;18.44;286.25;17.89;4990.50;25.01;164.51;38.92;301.72;206.82;15.65;294.43;27.68;292.91;4.71;172.74;321.04;24.07;296.64;6.71;219.62;121.49;410.45;195.61;18.01;291.68;14.53;398.08;12.61;301.58;5.32;4351.77;39.42;7.73;4868.57;1644.43;3354.87;1461.62;3404.04;1533.68;7.73;1635.40;20.11;3798.92;14.14;18.08;103.05;152.16;4233.25;0.09;14.53;5696.41;4308.24;7354.30;5.69;3054.23;3956.96;1764.10;1835.30;1.29;1779.67;75.92;4.93;83.39;177.06;91.68;295.61;21.62;298.37;5.99;220.94;19.03;352.19;36.81;61.68;194.11;94.57;309.50;27.07;2609.29;16.24;21.67;191.25;1783.01;25.96;17.11;156.83,160196.71
3a9b1081-34a7-4720-8e8a-9484d3e30b15,9239.71,5209.75;5617.61;3035.92;3331.71;3249.06;3206.32;21.76;27.30;61.80;94.98;131.86;32.05;83.57;85.76;338.01;30.18;77.82;402.34;675.21;6.75;5.12;154.17;51.41;805.03;77.71;179.23;123.11;142.59;210.68;183.38;309.71;126.64;207.96;109.57;192.23;174.44;146.04;117.96;183.03;120.72;855.57;122.03;188.92;152.82;192.10;123.99;191.39;121.85;193.89;110.96;198.61;104.16;193.35;148.87;152.15;137.54;191.18;132.66;186.24;99.48;210.28;110.67;190.86;130.62;180.54;130.49;202.22;145.91;99.31;193.48;114.66;216.32;88.16;161.34;181.98;139.41;301.31;176.28;186.49;114.35;181.67;114.76;185.47;128.20;209.09;118.21;182.22;100.31;5001.14;11.26;22.86;202.34;186.70;118.50;222.15;100.30;194.59;129.59;190.00;175.90;187.90;159.73;168.92;127.62;215.73;111.22;314.69;117.31;212.92;97.21;209.06;140.33;254.64;87.23;234.50;4352.13;26.95;12.38;4860.73;17.01;1656.24;3360.94;3278.14;1580.42;1520.24;1634.69;20.01;14.99;3791.60;27.65;96.55;12.94;159.50;4214.28;22.58;6.03;5694.38;4306.68;7353.94;3062.02;3958.52;2.10;1758.71;1834.61;1768.67;64.78;25.40;85.93;168.73;84.94;217.46;92.86;133.95;194.83;88.48;128.67;225.14;147.49;95.90;198.94;77.28;162.16;191.91;197.93;2413.01;30.61;4.53;191.24;1780.81;44.74;7.52;174.56;5090.22,132255.48
64668bc6-f304-4c19-b608-c0104f78f5bb,14024.15,3787.42;3959.35;3261.53;6241.85;4333.93;3073.83;3350.77;3341.82;1549.38;13.83;26.03;61.76;95.00;133.54;37.66;76.28;85.75;337.95;30.27;79.61;400.53;675.27;6.67;10.57;150.16;50.00;814.28;69.76;177.65;125.04;140.98;210.67;192.09;307.54;146.73;290.38;11.23;338.32;19.09;148.86;115.14;295.86;6.45;857.07;308.49;10.92;154.90;303.95;180.27;11.22;308.34;7.36;120.50;296.20;8.68;271.48;291.09;0.03;58.96;189.85;157.77;267.20;14.02;303.44;16.37;301.85;26.37;273.29;13.99;320.06;25.47;294.29;6.04;125.06;289.79;13.17;331.20;15.66;424.42;23.89;334.63;109.28;7.15;295.15;5.98;197.42;322.98;96.38;18.18;287.90;15.97;4991.05;24.58;165.07;38.28;302.39;210.81;11.36;294.88;27.44;292.31;4.73;172.82;322.02;23.58;296.67;6.07;219.65;121.61;411.46;196.43;16.45;291.82;14.54;397.98;12.34;301.61;5.10;4352.05;39.31;7.75;4869.07;1659.22;3358.77;1442.96;3403.57;1533.48;7.66;1635.48;20.06;3799.18;13.94;17.93;103.17;152.20;4236.18;0.11;11.51;5696.73;4307.86;7354.64;3051.61;3966.99;2.18;1760.18;1835.24;1.28;1779.86;75.64;4.78;84.05;177.02;91.16;295.97;21.26;299.23;5.23;229.35;10.76;353.72;35.25;61.47;194.08;94.87;309.90;26.57;2609.18;16.06;21.72;191.42;1783.28;25.78;17.10;157.73;5112.88,146286.01
de7fb84c-b6b9-41b1-8ea2-1bc4829d5c1e,6691.74,1549.28;12.61;27.34;61.95;94.91;133.48;30.46;83.49;85.94;337.96;30.04;79.54;400.72;675.03;6.89;4.42;156.03;50.23;814.12;69.65;180.19;123.02;140.62;210.61;182.80;309.83;153.97;197.53;104.08;183.92;173.23;144.66;119.39;183.26;119.09;857.07;121.13;198.13;141.98;193.96;123.37;191.26;113.97;201.69;109.16;200.61;115.41;185.07;145.77;151.95;137.75;191.11;157.57;167.30;113.91;191.67;112.01;190.22;128.30;182.80;130.65;201.81;143.70;108.00;191.31;125.73;206.32;83.44;162.58;196.81;121.46;327.58;150.80;185.79;114.49;180.51;120.55;197.43;110.47;213.44;113.80;182.44;105.61;4996.47;27.63;7.41;203.14;187.34;115.48;222.13;106.85;215.50;104.82;187.20;177.64;187.32;159.20;168.90;132.66;210.87;107.93;319.33;116.27;212.18;92.27;214.33;141.00;256.00;84.70;234.24;4352.29;27.40;12.05;4858.65;18.10;1659.62;3358.88;3279.87;1579.56;1519.97;1632.69;19.71;32.49;3777.24;27.38;96.10;11.70;159.73;4231.34;5.21;3972.84;3439.24;6085.44;3869.15;3056.59;3958.74;1.75;1760.14;1835.21;1781.40;48.93;27.02;88.36;177.50;89.37;209.06;109.53;109.79;194.61;88.96;151.26;205.38;181.33;59.49;198.16;95.23;143.24;193.01;196.94;2413.59;30.62;5.42;191.45;1783.23;43.12;5.78;175.04;5090.06;3468.98;2725.94;20.41;1661.19,113872.89
4f2029bd-5e2f-4ce2-b986-34160924fed9,10825.95,3037.02;3329.70;3250.49;3205.88;15.58;24.13;72.27;94.98;133.46;30.45;83.55;85.76;338.07;19.86;89.80;400.63;87.88;594.05;4.61;155.98;50.11;804.95;69.25;187.79;124.73;140.96;201.13;190.15;312.03;127.33;208.05;109.31;194.24;173.77;144.64;119.36;182.77;119.58;857.07;121.05;188.94;150.72;193.92;123.66;191.60;113.28;202.32;106.17;203.41;104.15;194.07;148.17;152.07;137.74;191.05;132.68;192.09;93.66;211.59;112.27;189.74;128.80;182.59;117.04;215.41;144.13;107.43;186.49;105.80;231.58;80.64;164.22;183.12;135.64;304.37;173.31;186.70;107.91;187.54;114.68;185.56;128.21;212.84;114.46;182.37;105.36;4996.22;10.99;24.53;203.23;186.63;115.94;211.57;113.09;192.43;131.94;187.62;177.61;186.49;159.71;168.88;127.42;215.72;108.12;319.50;115.91;212.75;92.17;214.19;140.47;256.87;84.71;224.97;79.17;4309.51;12.32;7.00;4869.70;1659.38;3358.95;1442.47;3403.66;1533.61;1632.78;19.78;15.62;3793.93;27.37;96.15;11.66;159.56;4229.21;7.58;3.78;5696.60;4306.68;7355.69;3060.33;3958.56;2.02;1760.14;1835.21;0.78;1780.48;75.52;74.27;14.56;177.29;89.87;294.02;24.41;299.35;5.02;229.21;10.91;353.79;33.15;62.42;195.13;95.02;309.63;26.77;2608.97;15.30;22.46;191.42;1779.96;29.20;22.98;174.97;5090.12;3468.70;1474.10;1272.52;7.63;1672.02,130918.93
4bfbf80d-2262-496c-bb27-20bcd5f926ff,8106.03,4263.29;3863.15;1608.76;12373.29;3959.61;3261.53;6241.67;4334.02;3073.82;3350.92;3341.68;1549.38;14.58;25.32;61.69;95.09;133.52;37.72;76.17;85.80;337.69;30.54;79.63;400.46;675.36;6.56;10.77;150.08;49.90;814.36;69.80;177.55;125.10;140.93;210.56;192.25;307.57;146.73;289.96;11.43;338.29;19.36;148.90;115.10;295.81;6.49;857.05;308.30;11.13;154.95;303.82;179.16;12.35;305.54;10.23;120.53;292.34;12.53;271.46;291.15;0.03;57.64;191.13;157.75;262.83;18.34;303.10;16.81;301.39;26.83;272.95;14.05;317.86;27.71;294.55;5.43;125.63;289.31;13.69;330.75;15.36;424.90;24.12;333.59;110.01;7.45;295.11;6.02;197.32;322.70;96.43;18.38;286.48;17.57;4990.81;24.80;4.21;199.13;301.88;207.71;14.64;294.84;27.46;292.70;4.66;172.80;321.19;24.13;296.81;6.26;219.64;121.54;410.77;195.84;17.50;291.84;14.53;397.98;12.53;297.28;9.53;4351.96;39.33;5.26;4871.01;1644.38;3357.44;1459.84;3403.43;1533.57;7.64;1635.42;20.10;3799.02;14.06;18.03;103.16;152.10;4233.99;0.11;13.82;5696.47;4306.96;7355.64;5.71;3054.13;3958.52;1762.59;1835.26;1.40;1779.55;75.89;3.96;84.39;177.22;91.45;295.84;21.38;298.56;5.86;221.33;18.61;353.17;35.98;61.59;193.99;94.63;309.74;26.77;2609.32;16.25;21.67;191.42;183.61;1625.21;17.10;156.90;23.27;6745.25;3288.49;1272.61;9.01;1670.79;3470.85;1627.70;3612.32;14.45,173675.33
7bbea55a-0cc8-4422-b387-e0be92c4acf1,11670.66,1597.06;3532.75;2820.73;4325.65;1763.30;3198.05;18.87;6388.95;1712.49;4299.99;5434.09;12375.61;3959.71;3261.57;6241.61;4333.88;3073.86;3351.11;3341.18;1549.73;13.01;26.88;61.51;95.26;133.59;37.80;75.96;85.87;337.61;30.63;79.63;400.46;675.43;6.49;9.67;151.34;49.81;814.47;69.81;177.37;125.18;140.95;210.47;192.29;307.46;146.82;288.94;12.34;337.11;20.76;144.83;119.03;295.94;6.49;856.99;307.54;11.97;155.01;176.48;304.71;13.98;304.18;11.61;120.45;291.53;13.45;271.44;59.16;233.25;56.44;190.94;157.94;163.01;117.94;191.14;128.84;172.93;155.38;272.00;14.55;314.72;30.97;101.87;198.54;125.60;200.24;102.78;146.73;199.34;424.12;24.91;148.30;288.23;14.53;294.96;6.16;197.20;321.95;96.46;19.06;181.65;122.53;4979.02;29.50;6.90;203.53;301.39;204.91;17.50;293.98;27.56;105.55;192.97;172.71;320.13;24.74;165.34;138.46;219.59;121.39;296.08;309.40;18.57;291.47;14.54;398.26;12.65;72.65;234.33;4351.35;27.66;15.41;4873.04;4.07;1655.32;3358.99;3280.12;1580.34;1519.85;1643.10;20.17;21.86;3791.01;12.76;96.77;11.63;159.38;4225.56;11.47;5699.83;4306.37;3489.50;3871.20;3055.65;3956.61;1730.13;35.97;1833.37;1781.32;75.85;4.23;84.07;177.02;91.07;200.28;117.73;298.04;6.23;220.25;19.74;203.92;185.03;57.84;198.02;94.38;308.87;27.83;2609.30;2.67;30.24;174.83;205.06;1625.12;17.23;5.83;174.33;6745.15;1810.64;2729.82;26.12;1674.63;1840.88;3250.48;1827.40;1806.45;1833.95;1538.77;3638.09;1830.24;2899.35;1825.89;1890.36,219602.21
d4eb756d-313e-4550-93a6-c1eb43df26dd,9840.14,1608.59;12373.48;3959.40;3261.55;6241.87;4333.90;3073.85;3350.78;3341.79;1549.38;12.61;27.21;61.76;95.01;133.53;37.70;76.26;85.75;337.85;30.35;79.62;400.52;675.29;6.67;9.19;151.54;50.00;814.30;69.75;177.65;125.02;141.00;210.51;192.30;307.54;146.68;290.28;11.22;338.38;19.16;148.90;115.10;295.90;6.41;857.06;308.45;10.97;154.95;303.90;180.22;11.27;306.49;9.20;120.52;295.47;9.40;271.51;59.08;233.16;57.85;189.82;157.76;262.90;18.32;303.25;16.60;301.66;26.56;273.10;14.02;320.22;25.43;294.34;5.98;125.07;289.44;13.56;331.04;15.82;424.34;23.93;334.25;109.63;7.18;295.19;5.94;197.41;322.80;96.53;18.21;286.72;17.21;4990.92;17.52;7.84;202.65;302.31;210.57;11.61;294.93;27.36;104.41;192.79;172.77;321.95;23.50;296.80;6.11;219.66;121.59;411.22;196.28;16.78;291.84;14.42;397.99;12.47;301.54;5.17;4352.01;39.32;5.40;4871.36;1643.96;3357.60;16.47;3280.19;1579.99;1527.57;1635.48;20.07;3799.04;14.07;17.92;91.52;163.85;4204.67;30.71;8.79;5700.33;4307.91;7354.61;5.57;3054.31;3958.64;1762.40;1835.26;1.31;1779.77;75.74;4.78;84.05;176.97;91.20;295.86;21.38;299.11;5.34;229.27;10.83;353.52;35.44;61.48;194.08;94.82;309.86;26.65;2609.18;16.08;21.71;191.42;183.69;1625.31;17.11;8.77;171.32;6745.42;3288.42;1251.67;25.72;1674.81;3470.86;1628.10;3612.17;14.44;1833.88;3298.60;1878.21;1848.15;2881.87;1825.98;3623.92,184286.87
3d557872-9ea8-4a3d-88ca-70ff7c646497,8653.88,3331.68;3249.08;3206.28;15.01;24.08;71.82;94.98;131.85;32.06;83.57;85.76;338.00;20.48;78.99;410.88;87.97;593.97;0.52;63.66;146.53;804.99;69.30;187.64;123.13;132.28;211.55;192.77;309.77;126.54;206.89;110.55;192.01;149.61;171.27;117.96;182.95;119.22;857.16;113.86;196.43;151.66;193.85;124.05;180.39;132.65;194.10;110.85;198.71;104.09;193.33;148.97;152.14;137.55;191.18;132.56;186.20;99.54;210.26;110.69;190.83;130.66;180.54;119.21;213.51;110.67;134.49;193.55;114.66;216.29;88.19;161.36;181.92;139.24;301.54;176.21;186.17;108.98;187.51;114.75;185.39;128.23;209.06;118.30;182.15;100.30;5001.13;9.64;24.58;202.33;186.63;118.55;210.92;111.45;194.63;129.60;189.16;176.80;187.82;159.74;168.94;127.61;215.74;111.09;314.83;117.21;212.97;95.36;210.95;140.29;254.66;86.24;226.12;78.91;4309.61;12.40;7.64;4866.47;1659.87;3360.92;1442.76;3403.57;1532.50;7.88;1635.01;20.35;3797.97;16.15;17.86;103.21;159.48;4214.17;22.70;4.35;5696.05;4306.67;7353.90;3060.31;3960.27;2.09;1758.73;1834.63;3.39;1778.15;77.30;74.21;9.33;182.48;89.96;293.86;24.56;299.30;4.98;216.97;23.19;349.52;37.43;62.46;195.05;94.97;298.37;38.01;2608.15;16.30;21.62;191.24;1780.59;29.54;21.60;175.89;5090.24;3462.54;1478.73;1274.40;8.86;1670.84;3468.46;1623.23;3620.42;1828.15;1556.36;3638.53;4.95;1844.44;4691.13;14.44;3626.72;1642.65;1702.00;6.58;92.93;11.81;178.77;220.93;10.02;162.34;288.78;29.45;112.64;20.50;268.88;13.62;1748.17;17.63;166.84;298.10;14.71,158116.30
c8354da3-7008-44a3-90a6-5f16c6e1c7f6,4585.53,27.43;12.09;4860.91;18.16;1657.00;3358.93;3280.06;1580.53;1519.94;1634.09;19.68;15.53;3792.45;27.20;96.60;11.73;159.36;4220.10;16.89;6.94;5692.61;4309.01;7353.76;3060.09;3956.31;5.24;1759.67;1834.60;1767.32;65.22;24.57;88.20;167.45;84.89;218.66;93.23;132.03;194.75;87.98;131.55;224.22;147.75;95.38;188.14;86.93;162.61;191.36;198.17;2413.36;14.21;21.57;191.25;1781.63;44.01;6.06;173.95;5091.28;3464.47;1478.13;1272.91;1662.85;1856.84;1630.58;3448.12;1789.06;1825.60;1564.72;3638.25;4.13;1844.39;4692.97;1904.33;1733.33;3336.04;9.36;10.61;101.00;180.35;98.64;130.71;144.96;64.20;270.63;8.46;105.83;134.48;169.16;614.21;1149.46;145.42;222.06;101.20;218.00;2752.20;1554.21;20.56;30.64;228.95;151.28;121.33;228.04;124.22;192.24;190.79;221.81;118.88;193.23,120247.43
82a4d6c6-d145-4584-8a4d-8faf420582a0,1660.09,3357.53;16.56;3280.22;1580.12;1527.58;1635.38;20.13;21.87;3791.11;12.85;96.75;11.58;159.44;4225.82;11.17;5699.91;4308.40;7354.30;4.18;3055.70;3956.74;1764.35;2.15;1833.16;1780.93;75.91;4.98;83.36;176.94;91.81;295.52;21.71;298.26;6.05;220.86;19.10;204.21;184.83;61.69;194.06;94.44;309.39;27.29;2609.32;16.28;21.66;191.25;182.27;1626.53;17.23;8.40;171.84;6745.14;1813.24;2727.07;24.56;1676.16;1844.63;3253.85;1820.79;1806.04;1833.85;1539.14;3637.85;1832.59;2897.20;1825.80;1890.21;3380.96;1688.62;13.18;11.75;95.89;180.38;216.25;13.06;162.61;286.92;30.65;8.08;125.66;115.46;168.20;1746.22;18.02;166.99;301.42;11.77;2952.50;5.87;1572.01;3.22;29.99;248.26;136.12;137.72;207.84;135.32;197.83;174.28;318.17;22.11;193.20;320.61;18.02;333.23;20.97;303.34;11.84;116.11,112005.87
e6a0daed-eac5-4a7c-a406-791077d190f3,4999.63,17.60;3279.85;1579.59;1527.24;1635.58;20.41;21.64;3791.38;13.22;96.11;11.72;159.70;4231.00;5.59;5700.39;4307.59;7354.79;3.91;3056.57;3958.74;1735.84;26.73;1834.56;1781.37;75.29;3.89;85.08;177.54;90.55;207.81;109.65;299.37;5.01;229.22;10.98;205.29;183.14;61.47;194.45;95.21;309.38;26.92;2608.89;9.64;28.05;191.44;183.79;1625.41;17.10;8.40;172.45;6744.87;1814.08;2725.97;25.26;1675.09;1842.91;3256.13;1821.34;1805.76;1833.05;1539.70;3637.40;1833.61;2896.32;1826.14;1889.54;3381.65;1688.52;12.41;11.94;96.49;180.65;219.87;9.27;162.01;290.28;28.74;6.62;125.87;116.84;166.70;1747.12;17.82;166.72;200.98;111.62;2954.44;4.02;1571.97;2.61;30.82;248.26;135.63;137.98;213.89;128.97;198.14;174.99;320.20;19.79;193.27;325.25;13.41;341.58;12.36;96.49;218.62;115.75,111989.98
97e953f6-a184-4176-b6fc-424b81f2e723,4817.68,3403.81;1533.67;7.88;1635.08;20.27;3798.66;13.60;17.14;104.66;152.43;4231.13;9.98;6.17;5696.35;4308.82;7353.86;6.31;3053.74;3956.40;1764.81;1834.90;2.09;1779.16;75.51;4.86;83.43;177.32;92.18;292.90;24.22;285.40;18.91;219.80;20.23;351.57;37.31;61.96;193.97;94.19;308.36;28.53;2609.31;15.99;22.01;191.25;182.19;1626.34;17.15;157.33;22.71;6744.72;3289.14;1272.99;8.11;1671.80;3470.28;1626.52;3610.88;17.24;1834.21;3292.01;1888.96;1844.37;4693.11;13.73;3623.98;1646.57;1698.76;7.25;11.15;93.11;180.35;213.96;15.39;162.74;286.63;30.53;12.03;122.10;266.54;17.14;1745.90;17.92;167.20;298.06;15.38;2955.77;2.34;1572.28;5.72;27.38;248.32;253.40;20.43;331.79;11.46;197.78;395.57;95.94;22.87;333.47;179.42;18.87;332.65;21.66;299.78;15.38;116.27;304.30,110585.38
ad8b618d-428b-4d21-8f7d-98d0a2dab44a,4938.26,7.23;1636.00;20.00;3798.96;14.09;15.26;105.79;150.95;4241.04;0.04;6.31;5699.01;4306.90;7354.77;4.91;3055.74;3958.77;1761.83;1835.17;0.41;1781.08;75.14;3.91;85.19;177.62;90.29;295.91;21.66;299.43;4.94;229.25;11.05;353.91;34.33;61.42;194.63;95.34;309.32;26.81;2608.83;15.66;22.01;191.44;182.21;1627.16;17.16;157.29;23.43;6745.16;3287.49;1273.76;2.75;1675.96;3471.20;1628.05;3613.21;13.94;1832.84;3291.25;1885.88;1848.00;2882.14;1826.03;3625.17;1646.24;1697.69;5.51;11.06;94.90;180.60;220.60;8.54;163.34;289.43;28.42;8.92;123.38;271.94;11.55;1747.22;17.85;166.76;300.48;11.95;2954.45;4.01;1571.95;4.82;28.62;248.34;253.84;19.72;332.19;10.62;198.22;405.67;90.29;19.05;333.66;184.98;13.25;341.76;12.18;304.38;10.71;115.72;307.36;188.27;16.80;127.99;2029.56;8.61;10.11,112406.89
dd280dee-ea5f-4aa9-bfd9-9296354bc691,3167.92,19.68;15.54;3792.13;27.43;96.60;11.68;159.34;4216.95;20.16;4.96;5693.87;4309.52;7353.79;3060.20;3956.01;6.80;1758.33;1834.59;2.92;1778.61;75.60;76.24;11.56;177.68;92.38;294.27;22.78;284.51;19.73;218.81;21.23;351.25;37.37;62.34;193.88;93.85;300.85;36.37;2609.39;16.43;21.54;191.24;1781.30;25.88;24.53;176.85;5088.42;3464.24;1478.22;1272.00;11.04;1670.06;3469.75;1626.56;3617.34;1820.94;1562.82;3638.49;4.11;1844.12;4692.79;14.19;3623.50;3336.26;9.47;11.29;90.25;166.87;121.87;124.87;156.90;58.21;270.61;8.62;105.79;139.39;145.68;635.78;1145.04;148.60;223.48;97.88;218.48;2752.09;5.58;1566.79;10.09;22.94;248.30;252.90;20.99;331.02;12.24;197.76;394.85;96.02;23.43;326.22;184.01;21.47;344.10;10.38;306.13;8.95;116.36;303.80;185.11;22.18;128.74;2029.54;10.33;11.66;4441.78,110620.72
8578cd6e-72c4-46db-977a-1e50b1b68097,4860.37,18.10;1657.39;3358.99;1443.38;3403.22;1533.67;1633.86;20.00;15.21;3793.05;26.81;96.78;11.60;159.39;4225.63;11.39;4.56;5695.28;4308.54;7353.94;3060.23;3956.66;4.52;1759.90;1835.32;1766.78;64.78;25.29;88.33;166.64;84.91;219.50;92.91;131.53;188.72;94.44;132.13;223.54;147.67;95.17;188.15;86.91;162.52;163.90;225.98;2410.90;16.27;21.66;191.24;1782.26;26.55;23.04;174.34;5090.68;3465.17;1477.69;1272.92;8.43;1671.42;3470.56;3448.31;1789.00;1832.43;1557.70;3638.04;4.02;1844.40;4693.59;13.52;3623.97;3335.78;9.73;9.96;89.97;174.68;115.41;130.83;144.93;64.18;270.99;8.17;105.71;135.20;151.44;631.58;1149.55;144.98;223.31;100.06;217.86;2752.36;4.91;1567.26;9.61;23.55;248.29;253.53;20.32;332.36;10.80;197.81;397.27;95.02;22.20;333.85;179.54;18.48;332.70;21.52;301.24;13.92;116.15;305.18;188.48;17.85;128.48;2029.83;8.93;11.93;4440.02,125362.43
9cec6a57-8ad2-46f2-9070-93e1d0d1eca0,4863.07,13.59;1527.16;1635.59;20.41;3798.95;14.09;17.65;103.41;151.77;4222.86;17.76;7.23;5697.07;4306.49;7355.84;5.55;3055.09;3958.76;1761.84;1835.18;1.07;1780.40;75.16;3.90;85.20;177.58;89.23;294.17;24.50;299.39;4.99;229.19;11.09;353.69;32.92;62.32;195.39;95.30;297.82;38.35;2608.83;15.10;22.58;191.44;192.28;1617.04;17.17;8.21;172.55;6745.08;3285.80;1254.17;25.05;1675.04;3471.18;1623.89;3617.30;13.96;1832.91;3296.45;1880.67;1848.02;2882.05;1826.07;3625.13;1646.17;1697.78;6.33;10.89;94.27;180.60;220.44;8.73;161.92;290.70;28.51;10.05;122.29;271.82;11.68;1747.21;17.84;166.74;298.70;13.79;2954.44;4.02;1571.96;2.94;30.50;248.33;253.79;19.77;329.67;13.17;198.21;405.68;90.20;19.12;324.10;194.49;13.30;341.70;12.26;304.34;10.73;115.73;307.19;188.36;16.81;128.03;2027.88;5.67;15.31;4442.07;1594.86,115497.08
9663d172-37fa-4195-a7ff-37e0baf4ab46,5001.60,16.49;3280.16;1580.04;1519.94;1643.12;20.08;21.74;3791.37;12.76;96.67;11.69;159.44;4227.77;9.14;5700.31;4307.93;7354.61;3.94;3055.91;3958.63;1727.94;35.68;1834.08;1781.04;75.78;4.78;83.61;177.37;91.25;202.65;114.59;298.70;5.74;229.19;10.90;204.14;184.82;57.67;197.91;94.76;309.81;26.57;2609.36;10.01;27.79;191.42;182.45;1626.51;17.10;8.12;172.02;6745.40;1813.52;2726.56;25.07;1675.47;1844.76;3254.13;1820.80;1805.87;1833.93;1539.13;3637.64;1833.14;2896.85;1825.93;1889.90;3381.21;1688.48;12.50;12.18;96.13;180.41;218.89;10.37;162.53;287.54;30.34;7.81;125.63;116.42;167.25;1746.57;17.86;166.90;202.71;110.32;2952.64;5.82;1571.97;2.30;30.95;248.32;136.05;137.70;210.04;133.06;197.83;174.87;318.03;21.79;193.46;320.88;17.53;333.59;20.54;96.90;218.34;115.97;255.32;50.53;205.95;128.31;2016.90;17.87;11.34;4444.68;1593.75;37.55;6.28;1548.77;7.23;11.36;124.96;233.12;12.87,122580.37
765561ff-5acb-4d55-8821-db3728cd88ce,6638.77,1566.45;1533.65;1633.88;20.00;15.21;3793.08;26.79;96.77;11.59;159.41;4225.70;11.32;6.23;5693.62;4308.53;7353.95;3060.23;3956.70;4.50;1759.89;1835.31;1766.90;64.75;25.19;88.33;166.69;84.93;219.60;92.91;131.43;194.73;88.42;132.31;223.36;147.77;95.03;189.41;85.85;162.31;191.42;198.01;2413.39;14.20;21.67;191.25;1782.41;43.58;5.89;174.36;5090.63;3465.44;1477.48;1274.11;1661.54;1861.54;1626.17;3448.28;1789.05;1825.05;1565.04;3637.98;4.01;1844.39;4693.83;1903.57;1733.77;3335.74;11.57;8.11;101.18;180.37;98.52;130.82;144.97;64.12;271.02;8.17;104.54;136.49;151.34;638.94;1142.19;145.04;224.99;98.38;218.17;2752.03;1554.60;19.86;30.78;226.61;156.29;119.01;227.88;124.79;191.57;193.52;221.45;116.51;193.17;140.77;179.61;133.74;217.51;118.23;206.06;106.08;275.84;51.66;188.51;128.53;2034.17;13.42;12.62;1834.24;4206.99;26.02;18.42;1549.11;2.94;8.74;131.64;142.51;103.62;137.38;237.55;195.23;21.41;220.14;18.15;145.38;2154.71;12.01;21.33,124122.68
4116286c-52c7-47bf-bd1e-d7dc4d3e539a,4367.71,35.73;4.18;5701.17;4305.91;7355.75;3.92;3056.73;3958.79;1761.81;1.00;1834.15;1781.52;75.11;3.91;85.20;177.68;89.12;297.33;21.36;299.44;4.93;229.32;11.01;205.34;182.89;61.41;194.64;95.37;309.38;26.71;2608.88;15.60;22.01;191.44;192.33;1617.09;17.15;8.12;172.66;6745.15;1813.83;2725.96;24.19;1675.89;1843.54;3256.13;1821.10;1805.69;1832.78;1539.72;3637.43;1833.91;2896.30;1825.99;1889.34;3382.17;1688.13;12.38;11.26;97.27;180.61;220.78;8.36;163.33;289.56;28.31;8.91;123.36;117.81;165.68;1747.22;17.85;166.79;300.58;11.81;2954.45;4.01;1571.95;2.49;30.95;248.34;135.46;138.12;214.64;128.16;198.23;174.95;321.08;18.99;193.24;325.63;13.01;341.95;11.98;304.49;10.61;115.70;256.40;239.31;16.80;127.95;2017.17;16.29;12.04;4446.23;1594.15;37.00;5.34;1547.56;7.86;11.45;125.73;233.76;11.55;139.27;305.46;126.65;21.35;221.52;16.09;280.86;2019.33;20.91;16.98;173.38,109009.79
3ce5827b-760a-47a2-85fd-616df170db4e,5695.75,1713.05;6082.82;3870.63;3055.89;3958.58;1728.03;34.51;1835.25;1780.98;75.85;1.39;86.98;177.26;91.41;202.55;114.66;109.63;194.79;88.47;151.47;204.28;184.87;57.55;198.03;94.69;309.75;26.69;2609.35;2.01;30.59;175.57;203.22;1626.77;17.10;6.09;174.08;6745.26;1813.40;2726.72;22.10;1661.59;1861.65;3254.00;1820.78;1805.96;1834.01;1539.05;3637.71;1828.99;2900.83;1825.98;1889.97;3381.13;1688.54;12.59;9.40;98.86;180.36;216.47;12.85;162.54;46.38;271.44;7.81;125.68;116.08;167.58;1746.39;18.03;166.87;202.80;110.32;206.20;2752.25;1571.98;2.30;30.93;248.28;136.11;137.69;209.01;134.09;181.06;191.48;318.13;21.81;193.29;320.89;17.67;126.22;227.94;96.87;218.35;116.02;254.70;50.99;205.97;128.46;2016.73;17.96;11.34;4444.72;1593.59;25.40;18.57;1548.85;6.17;10.99;126.33;233.07;12.95;137.62;237.36;195.40;21.47;220.64;17.48;280.71;2019.50;21.28;16.78;172.09;130.73,104630.50
44aff8d6-c5d6-44ff-8a05-91e8d9177c51,7408.84,6083.71;3869.27;3056.53;3958.76;1.81;1760.17;1835.18;1764.86;65.51;27.01;88.23;177.51;90.59;207.60;109.86;109.76;194.62;88.94;140.21;214.97;149.82;92.51;198.10;95.17;143.36;192.98;196.93;2413.66;30.61;5.40;191.44;1783.24;43.02;5.88;174.99;5090.15;3468.73;2725.98;21.64;1662.92;1860.44;1626.62;3448.94;1805.97;1833.11;1539.65;3637.44;4.88;1843.25;4695.19;1902.27;1735.57;3334.59;10.58;10.28;100.01;180.63;96.08;133.09;148.62;59.52;272.86;6.62;125.90;116.56;166.99;621.42;1143.50;144.17;224.61;98.66;218.13;2752.24;1556.16;17.85;31.38;226.19;157.70;137.95;213.70;118.60;191.98;191.67;230.90;109.13;193.20;140.64;198.09;126.17;227.78;96.47;218.62;93.82;277.81;51.21;205.21;111.14;2033.98;12.65;12.31;4448.95;1594.61;24.20;18.58;1548.38;3.16;9.40;131.73;142.23;103.15;138.96;236.16;195.97;21.49;221.36;16.38;280.77;2019.44;12.39;20.62;177.96;131.85,104630.45
197fcab6-4be2-4e0c-9630-979980155c61,6869.57,11.22;1834.51;3300.16;1878.16;1848.10;2878.27;1827.41;3627.19;1642.84;1691.89;12.51;11.95;96.36;178.61;221.64;9.56;162.09;289.86;28.96;10.48;122.13;271.75;10.65;1748.30;17.76;166.70;298.70;14.02;2954.42;4.04;1571.99;2.91;30.47;248.31;251.46;21.02;330.74;12.50;198.88;174.89;319.34;20.69;324.12;193.25;14.54;341.15;12.83;304.39;9.23;116.39;252.57;243.70;14.72;130.27;2027.87;5.78;15.36;4441.89;1594.50;37.37;5.56;1547.65;9.06;114.02;21.89;233.61;11.00;139.72;305.66;121.04;26.86;221.32;16.49;279.53;2020.65;20.36;17.65;173.04;210.07;31.53,54422.65
181abd3f-731c-433e-8c57-989a3fe6bde9,10002.36,3490.28;3868.45;3056.60;3958.76;1735.82;26.04;1835.20;1781.43;75.19;1.20;87.90;177.54;90.42;208.00;109.52;110.55;193.82;89.07;151.18;205.43;182.90;57.87;198.14;95.26;309.35;26.86;2608.84;1.87;30.43;175.40;213.51;1617.17;17.18;5.78;175.01;6745.04;1814.07;2725.89;21.43;1662.91;1860.45;3254.55;1821.35;1805.72;1832.98;1539.74;3637.37;1833.87;2896.13;1826.11;1889.52;3381.73;1688.56;12.39;8.69;99.71;180.60;220.24;8.94;161.94;46.15;273.02;6.50;125.84;117.51;166.02;1747.19;17.83;166.69;201.96;110.59;206.21;2752.26;1571.96;2.00;31.44;248.31;135.57;137.99;214.28;128.58;198.20;175.95;319.85;19.19;193.29;325.24;13.35;126.20;227.77;96.45;218.61;115.74;256.41;50.70;205.19;128.06;2017.24;17.02;11.40;4445.29;1594.77;37.07;5.60;1548.30;6.03;11.04;127.26;233.67;11.65;139.17;235.96;196.12;21.44;221.47;16.19;280.79;2020.12;20.18;16.98;173.41;131.58;111.68;1575.57;19.64;14.88,106376.94
a5ade685-8e2d-45f2-baca-e7bcaa96c363,3808.17,13.68;13.20;96.66;164.18;4204.86;27.50;11.62;5699.83;4308.62;7353.88;4.54;3055.60;3956.58;1764.59;2.30;1832.67;1781.29;75.92;5.13;82.88;177.19;92.00;295.02;22.15;297.97;6.29;219.92;20.12;203.71;185.16;61.91;193.97;94.25;308.54;28.29;2609.36;16.32;21.62;191.25;183.41;1625.28;17.13;9.04;171.07;6745.23;1810.45;2730.02;26.19;1674.69;3470.38;1628.06;3609.36;17.28;1834.05;3297.78;1879.05;1848.50;2880.94;1826.05;3623.90;1646.60;1689.26;13.44;12.17;95.39;180.35;214.44;14.88;162.73;286.74;30.55;12.25;121.76;266.55;17.12;1746.08;17.88;167.15;301.25;12.09;2955.74;2.43;1572.23;3.49;29.61;248.34;253.46;20.36;331.84;11.37;197.79;396.93;94.64;22.87;333.68;179.59;18.51;332.73;21.56;300.06;15.13;116.23;252.72;240.79;17.83;128.62;2029.69;5.28;14.72;4440.90;1592.84;38.84;7.54;1545.98;10.03;113.80;20.99;232.83;13.35;137.06;304.98;127.87;21.52;219.10;19.27;280.88;2019.11;21.78;16.76;170.78;210.95;34.29;1592.70;4.06;14.13;136.34,114893.92
e1cb4633-b4a2-48a6-bf49-135bed8c1856,7013.57,1.81;1760.20;1835.20;1.21;1780.16;75.32;4.57;84.35;177.46;89.60;294.10;24.39;299.34;5.04;217.12;23.11;349.44;37.36;62.36;195.16;95.11;298.14;38.25;2608.91;15.24;22.46;191.42;1780.08;29.14;17.01;157.68;5113.35;1654.61;3286.29;1274.45;8.78;1671.10;3468.30;1623.17;3620.84;1828.70;1557.73;1756.71;1885.65;1843.27;4695.06;12.87;3625.02;1642.89;1701.35;6.36;10.91;94.00;180.57;219.78;9.45;162.08;290.11;28.77;112.22;20.34;271.87;11.68;1747.16;17.76;166.75;298.74;13.90;2954.44;5.60;1570.41;8.50;24.88;248.31;253.88;19.66;329.75;12.41;198.90;405.78;89.23;19.90;324.25;194.11;13.55;341.56;12.41;304.42;10.66;115.82;306.95;188.50;16.73;128.19;2027.91;10.40;11.76;4440.81;1618.82;13.09;1553.18;3.85;6.38;134.74;142.22;91.47;127.24;258.14;71.00;147.83;177.98;59.80;145.67;2154.52;12.40;20.62;145.77;163.98;78.43;1608.27;17.15;7.30;113.43;192.37;81.49;122.68;1675.89,91080.62
306b49cf-1644-4b61-ba25-7787ccb9a4c9,3970.37,3439.41;6082.01;3871.30;3055.60;3956.62;4.64;1759.92;1834.96;1781.30;50.63;26.95;86.42;177.15;91.95;201.39;115.79;111.38;192.88;88.28;131.82;223.75;147.76;95.15;198.05;94.31;145.31;191.45;198.44;2413.54;30.24;5.07;191.25;1781.66;44.22;5.85;174.29;5090.84;3464.88;2729.93;22.21;1661.52;1857.52;1630.05;3448.11;1806.55;1834.00;1538.69;3638.15;4.08;1844.40;4693.34;1903.99;1733.67;3335.82;9.46;12.91;98.60;180.36;98.45;130.84;162.74;46.34;270.98;8.16;125.82;114.84;168.83;614.37;1149.64;167.14;202.99;110.30;205.82;2752.35;1554.59;20.02;30.72;228.96;152.93;140.27;207.51;124.75;191.72;191.06;223.12;117.30;193.15;140.62;198.02;115.17;239.09;97.01;218.19;93.83;275.18;51.69;206.91;110.80;2034.00;13.52;14.15;4446.71;1592.93;26.12;18.41;1549.26;2.95;10.01;130.36;142.52;103.63;137.16;237.75;195.12;21.43;219.16;19.18;280.93;2019.06;11.98;21.46;175.96;131.51;113.71;1574.98;20.91;11.34;139.95;158.35;80.65;1789.31;9.72;28.21;1573.18;13.28,111582.16
2e53baa6-175e-4590-af3a-52cf478cdcea,5686.26,34.59;1835.22;1781.17;50.25;26.72;87.47;177.06;90.11;203.66;114.57;111.07;193.40;88.46;151.67;204.07;182.90;59.58;197.94;94.92;144.55;191.87;197.98;2413.34;30.29;5.36;191.41;1779.39;46.84;5.79;174.17;5090.62;3469.03;2725.99;20.63;1664.02;1857.93;3257.10;1820.59;1805.85;1833.78;1539.41;3637.41;1833.54;2896.50;1826.03;1889.69;3381.60;1688.12;9.60;12.26;99.02;180.65;96.46;132.63;162.39;46.25;271.81;7.60;125.69;116.50;167.14;614.85;1149.69;166.92;201.27;111.58;205.62;2752.82;1571.96;2.25;31.06;248.34;135.89;137.84;212.66;130.34;181.25;191.59;230.15;109.69;193.36;321.15;17.37;126.44;227.64;96.78;218.52;115.88;255.52;50.70;205.76;111.16;2034.00;16.74;12.61;4444.49;1594.17;24.74;18.65;1547.59;6.48;11.68;126.60;142.42;103.41;138.41;236.63;195.65;21.32;220.94;17.06;280.80;2019.43;21.19;16.80;172.58;132.08;111.92;1574.93;20.51;11.37;140.22;158.32;81.21;1789.93;8.75;28.30;1573.60;12.47,91165.48
a2f8571b-c8cc-4404-99d2-4ca0808605c9,11663.02,4.78;3055.39;3956.09;1730.85;36.18;1832.66;1781.58;75.55;4.98;83.00;177.57;91.64;199.98;117.74;284.76;19.51;216.98;23.07;203.57;185.05;57.72;198.49;94.00;299.20;37.87;2609.39;9.98;27.96;191.24;182.14;1625.21;18.28;9.33;170.58;6744.88;1810.90;2729.39;27.18;1674.66;1839.31;3251.62;1827.18;1806.25;1834.23;1538.94;3638.32;1830.01;2899.27;1826.06;1890.52;3377.06;1692.20;13.72;11.91;95.46;180.36;213.34;15.98;162.83;46.24;270.63;8.46;125.96;114.06;169.58;1745.84;17.70;167.36;200.04;113.58;2955.77;2.23;1572.35;2.47;30.59;248.36;130.33;143.50;207.36;135.89;197.78;171.16;320.07;23.08;192.30;318.54;20.88;331.39;23.07;97.19;217.93;116.32;250.66;53.46;207.09;128.70;2015.96;18.37;11.62;4444.66;1592.49;39.31;5.55;1547.81;9.13;11.30;124.36;232.60;13.68;136.97;237.78;189.67;26.82;219.21;19.28;279.25;2020.40;22.22;16.75;170.35;211.11;32.40;1594.89;3.20;15.04;136.10;171.17;67.30;1789.93;9.50;28.28;1573.01;13.55;1550.00;1557.61;4704.38;6275.14;11.97;29.11;3587.99;9.08;1986.92;2719.87,126896.18
1170ba01-97a0-49ac-aad1-29d600a142fd,9537.50,3852.33;3060.66;3958.82;0.13;1761.65;1835.14;1764.83;65.36;26.45;89.11;165.31;84.92;225.60;109.65;109.75;194.65;88.99;140.37;216.36;148.61;91.99;198.26;76.83;161.44;193.19;196.77;2413.55;30.18;5.99;191.44;1783.15;43.47;5.52;175.23;5089.75;3469.31;2725.90;21.35;1660.11;1863.18;1626.57;3449.76;1805.59;1832.72;1539.76;3637.38;4.66;1843.28;4695.60;1902.03;1735.78;3334.53;9.37;8.21;103.31;180.67;95.71;133.36;148.48;59.50;273.24;6.23;126.02;117.93;165.56;621.23;1143.86;144.65;223.80;99.02;217.88;2752.29;1552.00;21.81;31.56;226.13;157.67;138.12;214.66;117.57;190.16;193.66;230.59;109.42;193.31;140.34;198.24;126.09;227.82;96.32;218.78;93.61;278.55;50.98;205.12;108.14;2037.04;12.25;12.18;4450.07;1594.20;23.61;18.66;1548.21;3.09;9.40;131.90;142.10;103.20;139.36;235.76;196.36;21.29;221.58;16.00;280.93;2019.27;12.27;20.62;178.40;131.59;111.67;1575.86;19.30;10.49;141.69;157.67;81.73;1789.84;8.58;28.51;1573.69;11.86;1554.24;1547.87;1587.30;6851.00;2566.32;22.01;1712.90;1883.80;1987.90;5.03;2753.03;95.73;4751.04;1.32,135477.94
c4bf8480-8141-45c2-b949-97753f554d1f,1800.37,35.10;1780.55;75.12;3.87;85.25;177.67;90.14;296.42;21.25;299.41;5.00;229.42;10.86;205.52;182.70;61.41;194.68;95.39;309.41;26.66;2608.83;15.59;22.06;191.45;192.38;1617.05;17.24;8.03;172.70;6745.17;3287.35;1252.53;24.07;1675.82;3471.22;1628.58;3612.82;14.01;1832.65;3291.92;1885.24;1847.99;2882.25;1825.96;3625.21;1646.36;1688.15;12.29;11.76;96.83;180.73;220.59;8.40;163.27;289.72;28.26;8.81;123.42;271.94;11.55;1747.16;17.94;166.75;300.81;11.53;2954.46;4.07;1571.88;2.86;30.63;248.30;253.91;19.71;332.32;10.47;198.19;405.66;90.44;19.00;333.70;185.16;13.02;341.95;12.02;304.40;10.65;115.63;307.58;188.46;16.64;127.81;2029.61;4.45;14.14;4443.65;1594.26;36.81;5.73;1547.86;8.13;113.29;22.95;233.79;11.50;139.44;305.38;126.78;21.22;221.78;15.75;280.99;2019.85;20.22;16.98;173.45;210.37;32.93;1591.86;3.60;14.50;137.35;169.99;191.92;1667.38;19.05;1574.97;22.76;19.97;3087.98;6.01;4705.44;6275.90;21.86;17.40;3589.54;7.11;1987.91;2758.05;92.30;7.59;4746.88;2098.25;3.34;6.29;44.11;94.75;87.24;127.25;40.73,114013.02
d8baa8ea-24de-48dd-be8e-b0183d773827,6919.61,18.39;3950.23;1759.65;1834.58;2.63;1778.93;75.57;4.98;82.93;177.61;92.37;294.38;22.64;284.65;19.60;219.04;21.01;351.36;37.26;62.33;193.88;93.94;300.88;36.25;2609.39;16.42;21.53;191.24;1781.45;25.83;18.29;157.16;5114.27;1653.33;3289.21;1272.90;8.77;1671.33;3469.95;1626.83;3610.17;1825.93;1564.59;1754.20;1888.38;1844.40;4692.64;14.06;3623.77;1646.90;1698.65;7.82;11.03;92.72;180.36;213.10;16.24;162.83;286.39;30.43;113.46;21.01;265.12;18.49;1745.71;16.53;168.57;301.41;12.33;2955.76;4.80;1569.78;8.87;24.17;248.36;253.07;20.77;331.52;11.73;197.77;395.16;95.95;23.19;326.45;184.21;21.05;331.14;23.32;298.60;16.51;116.35;304.03;186.11;21.02;128.73;2029.67;9.28;10.13;4441.47;1592.46;39.39;1553.36;4.69;6.78;133.33;142.73;89.74;130.34;258.17;67.08;149.48;176.99;61.53;145.21;135.85;2030.83;21.58;145.73;29.70;211.04;34.59;1592.85;6.36;113.76;34.20;171.15;186.33;1670.87;20.25;1575.31;22.34;21.48;3081.33;1591.20;6851.46;2548.06;32.70;10.57;3585.80;9.15;1988.16;2756.31;90.51;11.72;4746.01;2097.83;4.20;7.97;50.99;106.27;67.32;144.06;24.11;392.55;22.41;74.20;132.31;36.23,127130.86
fbe6809f-fed7-415a-a5d0-91fa9af37cce,3600.23,64.64;25.74;74.26;180.21;84.99;225.47;88.53;131.56;189.02;94.00;140.46;216.39;148.69;91.77;188.87;86.38;161.86;166.04;223.73;2411.68;15.57;22.07;191.44;1783.15;26.33;22.66;175.28;5089.66;3469.39;1473.53;1273.71;7.48;1671.15;3471.22;3449.84;1791.64;1828.19;1558.16;3637.40;5.04;1842.96;4695.76;12.48;3625.22;3334.49;9.29;8.83;90.31;180.33;108.42;125.00;156.88;59.45;273.34;6.14;105.31;138.73;154.20;628.75;1147.67;145.27;223.11;99.26;216.55;2753.40;3.84;1568.04;8.84;24.65;248.30;253.98;19.64;332.40;10.38;198.20;405.66;90.52;18.93;333.76;185.23;12.90;342.03;11.93;304.41;10.64;115.60;307.66;188.59;16.49;127.79;2029.61;8.91;11.23;4442.08;1617.72;13.37;1553.57;3.00;7.21;134.16;142.05;92.19;128.23;257.90;69.84;147.93;177.48;60.01;145.60;2154.60;12.24;20.61;178.45;131.62;78.82;1608.71;16.02;9.34;146.11;157.58;81.83;122.55;1675.82;28.50;1573.71;6.10;1559.94;1548.01;1587.26;6850.98;2566.27;13.30;12.10;3586.26;1976.10;23.83;2753.11;92.26;4740.22;15.88;2096.63;3.33;8.71;50.78;107.76;65.16;144.73;23.25;396.47;19.65;74.09;132.28;35.18;114.04;244.03,114747.36
e162d066-11db-44a5-a2c8-116303638ba6,2801.27,2.16;30.74;174.70;203.91;1626.31;17.13;5.96;174.12;6744.74;1810.91;2730.06;21.11;1662.69;1856.88;3251.44;1827.36;1806.48;1833.56;1539.20;3638.17;1829.03;2900.27;1826.15;1890.38;3377.44;1691.96;13.19;9.19;98.64;180.35;214.08;15.25;162.74;46.39;270.86;8.25;125.80;114.75;168.93;1746.00;17.90;167.17;200.14;113.25;205.86;2752.26;1572.27;2.43;30.67;248.33;130.36;143.47;207.49;135.06;181.41;191.02;222.73;117.72;192.25;320.85;18.68;114.29;240.01;96.51;218.66;116.25;251.36;53.05;206.88;128.65;2016.21;18.03;11.64;4444.72;1592.75;26.36;18.39;1547.66;7.95;10.98;125.94;232.72;13.47;136.97;237.96;189.97;26.50;219.05;19.34;279.45;2020.46;21.84;16.75;170.74;131.64;111.69;1576.86;21.11;14.69;136.54;158.41;80.40;1789.46;9.77;28.22;1573.15;13.32;1550.84;1556.69;4704.44;6275.55;11.53;29.13;3588.23;8.74;1987.08;2719.84;129.89;5.30;4750.46;6.08;2091.91;8.69;11.18;43.27;106.58;191.22;19.84;27.28;390.01;21.75;184.90;21.59;116.85;32.65;255.48;18.96;7.48;95.18;3390.01;18.68;8.47;131.71;3821.41;8.58;5.84;2213.46,118682.26
6d7fbbba-b6a4-4269-b822-969d25ca73aa,1966.99,27.23;17.95;158.13;5113.78;1652.02;3287.87;1275.94;8.63;1671.08;3466.71;1624.62;3616.47;1832.80;1556.58;1758.16;1884.59;1844.23;4691.86;14.56;3624.87;1643.86;1701.50;7.73;11.03;92.40;180.04;214.19;15.53;162.68;286.15;31.37;12.49;121.36;266.71;16.69;1736.18;28.20;166.36;298.83;15.25;2952.38;8.45;1569.48;9.18;23.84;248.37;252.39;21.11;327.56;15.69;198.14;394.70;96.11;23.44;324.10;185.53;22.03;332.42;22.16;299.22;15.20;116.66;303.40;184.61;22.43;129.39;2028.63;11.03;10.10;4441.62;1591.55;39.59;1554.04;4.14;7.21;111.46;164.24;88.94;130.06;258.16;67.48;150.15;179.21;59.40;144.18;135.54;2032.15;21.97;145.78;29.03;211.95;32.27;1593.97;7.19;114.01;33.61;172.31;187.82;1667.62;21.28;1575.35;21.72;22.33;3081.20;1591.33;6851.23;2548.46;31.79;11.13;3585.90;8.90;1987.07;2757.58;91.63;9.95;4745.99;2097.86;4.28;8.43;50.51;105.74;67.86;144.42;23.64;392.01;22.88;73.09;133.55;36.12;113.17;242.28;24.62;11.46;98.78;152.30;3249.56;7.25;112.56;27.64;3820.64;9.40;2218.28;5.59;22.42;111.87,116175.60
f7fe7ef1-7181-436f-bf4d-b405210e2c01,6916.71,1813.45;2726.63;22.10;1661.62;1859.00;3256.66;1820.79;1805.91;1833.97;1539.09;3637.67;1832.69;2897.20;1825.97;1889.92;3381.18;1688.51;13.02;8.96;98.85;180.39;96.89;132.39;162.54;46.39;271.46;7.81;125.66;116.31;167.33;1746.49;17.95;166.88;201.52;111.56;205.74;2752.72;1571.97;2.30;30.94;248.28;136.11;137.69;209.14;133.97;181.14;191.49;223.91;115.96;193.38;320.88;17.60;126.46;227.68;96.89;218.34;115.99;255.21;50.56;205.96;111.21;2033.99;17.91;11.35;4444.70;1593.66;25.32;18.59;1547.49;7.49;11.00;126.35;142.43;103.57;137.70;237.30;195.46;21.42;220.79;17.30;280.78;2019.44;21.29;16.79;172.14;130.86;113.51;1574.84;20.71;11.32;140.12;158.38;80.89;1790.05;8.75;28.33;1573.48;12.77;1552.76;1555.18;4705.40;3725.82;2564.59;24.35;3588.69;8.31;1988.10;2718.87;130.51;4.56;4750.55;3.97;2094.07;8.29;11.30;43.57;107.39;191.03;19.20;27.34;391.01;21.00;186.42;19.71;118.23;31.23;257.24;17.11;7.39;95.55;3390.49;18.12;8.36;132.26;1967.18;1863.31;4.47;2214.47;18.53;9.04;110.80;315.98;15.14;540.62;101.61;292.89;9.68;168.77;251.79;131.93;25.31;209.46,116023.60
fae13372-f96c-4dc8-98b0-b5317d9ae56f,5433.17,1565.39;1751.67;1890.77;1842.91;4695.91;12.38;3625.23;1646.41;1698.04;4.65;11.05;95.12;180.80;220.60;8.33;163.26;289.86;28.25;8.70;123.40;272.34;11.13;1747.17;18.02;166.70;301.03;11.26;2954.46;5.29;1570.70;8.21;25.28;248.30;254.12;19.52;332.48;10.29;198.21;405.65;90.62;18.85;333.81;185.24;12.86;342.10;11.85;304.42;10.63;115.58;307.79;189.18;15.84;127.75;2029.62;8.41;10.09;4443.72;1594.30;36.80;1553.53;3.00;6.26;112.21;164.97;92.32;128.22;257.82;69.89;127.67;195.47;46.47;161.42;135.30;2031.44;20.60;145.67;32.76;210.69;32.62;1591.87;4.04;13.21;138.22;169.90;192.11;1667.24;17.33;1576.73;22.81;19.87;3088.14;1587.26;6850.99;2549.14;30.35;9.29;3589.11;6.93;1987.91;2758.17;92.22;7.56;4746.88;2098.30;3.33;7.58;51.91;107.76;65.17;144.72;23.25;396.54;19.58;74.33;132.03;35.18;114.04;244.19;22.00;10.95;100.28;152.32;3250.01;6.19;10.49;130.79;3820.01;9.56;2219.53;3.39;23.93;110.95;215.97;101.37;547.72;107.72;124.79;177.83;169.45;159.25;92.58;158.07;159.01;49.57;156.51;133.05;215.52;4014.55;31.32;2998.60;4.77;3110.50,108425.05
32cab1f0-0471-4cc6-9579-b7146db06be9,6194.92,21.60;1662.90;1860.42;1626.16;3449.07;1792.24;1821.11;1565.63;3637.46;3.70;1844.43;4694.93;1902.65;1734.95;3334.99;10.78;8.02;102.04;180.59;97.43;131.69;144.34;64.15;272.26;7.18;104.33;137.93;167.08;621.50;1143.25;144.21;224.87;98.59;217.85;2752.48;1556.19;17.97;31.15;226.26;157.87;118.04;233.26;118.86;191.99;192.84;229.29;109.35;193.40;140.64;197.85;126.40;227.65;96.68;207.13;105.24;277.83;50.62;188.58;128.28;2034.06;12.68;12.33;4448.71;1594.41;24.41;18.74;1548.47;3.08;9.48;131.41;142.30;103.39;138.76;236.26;195.84;21.31;221.28;16.65;280.91;2020.29;11.34;20.72;177.85;131.79;111.86;1574.96;20.48;10.56;141.19;158.11;81.28;1790.20;8.44;28.29;1573.65;12.42;1553.66;1546.85;1588.20;6850.98;2571.50;17.34;1712.88;1883.73;1988.07;5.16;2752.01;96.66;4750.77;1.67;2096.36;3.72;10.20;49.17;107.76;192.56;17.30;27.27;391.70;20.42;187.29;18.74;118.51;31.03;257.94;16.31;6.14;97.01;3390.90;11.16;12.23;135.20;1966.78;1863.28;2.74;2216.51;7.09;20.25;110.81;316.69;14.34;540.68;101.51;293.10;9.53;168.99;158.25;225.76;25.41;209.08;23.33;133.38;328.69;19.57;4041.29;5.19;2997.34;3097.40;24.31;21.45;143.82,121790.69
6e498f44-3aa2-47f2-bd96-93bf83d8cd0c,10031.49,1253.91;25.56;1674.15;3468.93;1623.24;3620.43;11.69;1834.57;3297.40;1879.42;1849.45;2878.27;1827.25;3626.67;1642.61;1692.61;12.75;11.97;96.13;178.77;220.85;10.11;161.40;286.28;32.83;11.11;121.13;269.73;13.71;1743.61;22.13;165.05;299.87;14.08;2953.88;3.99;1573.28;3.27;30.04;248.34;251.34;21.22;329.61;13.65;198.75;405.22;87.89;21.72;323.87;190.70;17.31;334.87;19.19;303.66;10.06;116.45;303.56;184.66;22.57;128.96;2029.04;6.11;14.92;4442.16;1594.27;36.04;8.07;1546.77;9.22;113.10;22.46;230.71;14.28;139.35;301.91;124.93;26.71;221.00;16.96;279.42;2020.82;20.44;16.87;173.33;209.92;31.91;1593.20;4.77;14.38;136.81;171.95;189.61;1667.92;19.30;1575.79;20.28;22.44;3085.44;7.81;4702.75;6277.49;16.75;21.90;3590.26;7.90;1987.02;2758.20;92.84;7.67;4746.93;2096.94;4.23;7.04;43.90;94.82;86.78;126.06;42.00;302.69;93.15;92.50;114.99;54.37;113.20;243.96;14.86;16.50;101.86;152.90;3239.12;17.72;11.37;129.53;3819.32;9.78;2218.04;5.33;22.66;91.88;236.75;100.22;548.80;84.54;148.94;166.48;153.82;183.79;93.85;154.45;156.28;55.87;155.06;134.76;192.27;4039.47;28.95;2998.13;0.05;3116.15;19.11;8.03;165.25,127013.20
a13417db-fa6d-4520-b8ac-2dce50657e5b,5137.47,1624.90;1827.69;1806.13;1833.89;1539.09;3637.90;1830.34;2899.33;1825.86;3624.12;1643.45;1692.24;13.18;12.16;95.51;180.36;215.54;13.79;162.62;286.80;30.72;11.98;121.79;267.75;15.91;1746.13;18.10;166.97;297.99;15.25;2952.40;5.97;1572.02;3.45;29.76;248.25;130.52;143.33;207.77;135.39;197.82;174.22;318.16;22.19;323.44;190.28;18.10;333.10;21.12;303.24;11.93;116.13;251.63;242.50;17.45;128.45;2016.57;17.58;12.59;4443.96;1593.23;38.28;6.03;1547.51;8.88;11.35;124.70;232.79;13.31;137.46;304.59;128.27;21.27;220.25;18.03;279.46;2020.64;21.52;16.77;171.54;210.73;31.88;1594.61;3.24;14.97;136.39;172.09;67.05;1789.32;20.65;1574.98;21.93;21.71;3083.81;8.70;4704.38;6275.81;11.45;28.92;3588.49;8.46;1987.14;2757.72;92.30;4.95;4750.53;6.34;2091.68;9.53;44.88;8.73;106.88;191.10;19.64;27.30;390.51;21.45;185.64;20.62;117.59;31.90;256.25;18.12;7.80;95.00;3390.32;18.29;11.73;128.68;3821.15;8.57;6.78;2212.81;18.99;10.45;109.20;315.74;15.51;540.53;100.08;294.52;9.68;168.44;252.06;131.31;25.35;210.08;23.40;266.44;194.48;20.40;4041.91;3001.45;4.23;3112.49;6.05;21.20;166.96;190.56,115728.12
fb41cfca-2814-461e-972b-6c2d0ec4b89e,1683.72,17.36;3470.06;3448.13;1788.94;1833.07;1557.39;3638.29;4.14;1844.39;4692.84;14.00;3623.71;3336.07;12.02;7.97;89.92;170.38;119.71;130.74;143.12;66.03;270.60;8.47;105.79;134.38;150.88;640.54;1141.54;145.20;225.48;97.97;218.69;2751.59;5.58;1566.77;9.72;23.33;248.36;253.11;20.72;331.56;11.70;197.77;395.28;96.16;22.87;326.48;184.54;20.70;331.78;22.66;298.76;16.38;116.30;304.20;186.24;20.83;128.67;2029.63;10.23;10.98;4442.94;1615.85;18.33;1549.45;2.94;7.75;132.44;142.65;90.07;130.12;258.23;66.97;149.49;178.38;60.09;145.27;2156.80;9.87;21.49;175.61;131.61;79.55;1608.82;18.36;10.07;144.27;158.28;80.29;120.40;1678.97;28.26;1573.05;6.98;1556.92;1545.87;1591.28;6851.38;2571.74;9.01;13.29;3583.24;1997.12;5.59;2753.84;88.27;4742.01;17.44;2095.22;4.19;9.28;49.68;106.34;67.26;144.05;24.11;392.63;22.33;74.33;132.18;36.23;113.26;241.59;25.21;13.79;96.47;3389.78;14.66;10.18;134.07;1967.94;1853.73;12.15;2215.62;4.98;23.12;110.69;315.45;15.94;534.52;107.73;292.93;9.63;168.14;156.93;226.35;25.24;153.58;57.10;156.18;133.40;214.67;4042.23;5.25;2995.53;7.72;3109.68;27.19;142.96;23.90;329.33;26.35;318.98,116089.67
4d333046-1b08-4941-a01d-71d2c693f086,6919.95,1792.14;1828.07;1556.29;3639.81;4.86;1843.21;4691.37;14.22;3627.14;3334.86;9.52;9.24;90.18;180.09;108.64;123.07;158.53;58.36;273.75;5.56;106.72;137.10;152.59;629.55;1149.67;144.25;223.59;97.26;219.91;2751.54;5.63;1567.72;9.12;24.24;248.31;251.32;21.15;330.57;12.68;198.86;405.73;87.59;21.59;323.93;190.83;17.15;335.40;18.62;304.31;9.28;116.43;307.86;188.37;14.63;128.93;2029.19;11.33;11.04;4440.79;1618.79;13.11;1553.20;3.20;8.05;133.68;142.29;91.30;127.13;258.32;67.04;151.73;178.02;59.88;143.47;2156.71;12.44;20.64;178.04;131.68;78.18;1606.40;18.29;10.30;145.88;156.80;82.58;122.56;1676.05;28.27;1573.68;5.91;1560.13;1547.13;1587.99;6850.96;2549.00;31.16;12.25;3585.29;1976.71;23.65;2752.62;92.91;4740.45;16.08;2096.05;3.68;8.88;50.47;107.79;65.22;144.63;22.91;396.09;20.39;72.17;133.86;35.21;114.33;243.42;22.39;11.43;100.18;3390.94;11.20;12.12;135.27;1966.69;1852.40;11.52;2216.26;6.04;22.02;112.48;316.90;14.06;534.32;106.39;293.34;9.45;170.33;158.69;225.53;25.34;158.99;49.99;156.72;133.02;215.30;4040.03;5.26;2998.57;4.66;3111.22;27.15;143.86;23.04;330.37;25.34;318.94;11.99,114710.68
c12cdcc1-5781-4141-8f16-3f3036e7d809,8581.71,1472.53;1274.57;7.80;1671.99;3468.24;1623.25;3619.53;1822.25;1565.39;3637.59;3.80;1844.37;4694.55;13.25;3623.89;1643.08;1701.99;6.44;93.31;11.64;180.50;219.08;10.08;162.52;288.15;29.76;112.17;21.24;268.69;14.97;1746.74;17.70;166.93;298.18;14.81;2952.74;7.47;1570.22;9.32;23.92;248.38;253.71;19.99;327.48;14.76;198.69;404.01;88.96;21.73;323.81;190.60;17.45;333.70;20.43;303.58;11.68;115.06;306.85;188.85;15.04;130.30;2027.68;10.74;11.90;4440.46;1618.91;12.41;1553.68;4.25;7.45;133.19;142.37;90.85;130.00;256.06;70.32;148.21;176.47;61.60;145.63;2154.59;12.21;20.96;177.11;130.88;79.23;1606.99;19.48;9.35;111.19;191.49;82.04;121.56;1677.21;28.32;1573.50;5.93;1559.99;1546.53;1588.71;6850.86;2548.68;31.93;9.67;3587.25;1976.29;24.82;2752.27;92.48;8.19;4746.80;2098.04;3.83;9.06;50.27;107.48;65.57;144.56;23.59;394.84;20.92;71.88;134.25;35.84;113.62;242.53;23.45;11.29;100.04;3390.55;11.15;12.80;134.76;1967.15;1853.58;10.56;2218.22;3.85;23.62;110.80;216.30;114.80;534.14;106.50;294.53;9.64;168.80;157.78;94.01;157.28;152.85;56.56;156.71;133.14;215.05;4041.61;5.15;2996.72;6.56;3109.86;27.19;2.46;164.56;329.93;25.65;319.09;4.78;328.73;15.57,128049.22
c8354da3-7008-44a3-90a6-5f16c6e1c7f6,4444.64,1593.26;25.77;18.52;1547.49;3.91;10.20;129.98;142.75;103.43;138.28;235.65;192.13;26.30;220.34;17.92;143.74;2156.37;11.99;21.29;176.61;129.60;112.98;1574.85;22.95;11.32;140.05;157.42;79.77;1790.06;9.62;29.51;1573.19;13.08;1552.12;1546.81;1589.17;6850.92;2560.25;27.85;1714.39;1883.59;1987.17;5.90;2751.81;97.24;4750.53;2.55;2095.46;3.52;10.74;48.87;106.96;191.09;19.56;27.31;390.60;20.44;186.69;20.49;117.73;30.98;257.24;17.92;6.11;96.69;3388.36;13.27;12.98;134.43;1965.90;1863.81;4.15;2213.98;10.07;17.87;112.16;313.19;18.04;540.55;100.09;293.60;9.52;169.54;157.76;221.80;29.19;210.01;17.99;138.70;325.34;22.74;4040.87;5.17;2997.33;3098.17;24.54;21.19;143.80;213.82;139.02;338.45;6.52;157.18;176.06;142.88;187.74;125.83,72313.10
82287b44-e343-411e-bbd4-9b859bfe6da6,5132.02,1878.10;1833.66;2896.46;1825.97;3624.50;1646.84;1688.20;12.73;11.96;96.18;180.57;219.21;9.94;162.33;289.01;29.36;10.88;122.12;268.97;14.60;1747.11;17.63;166.84;298.15;14.63;2954.04;4.36;1572.00;3.04;30.28;248.34;253.76;19.92;212.90;130.09;197.91;174.98;318.19;21.66;333.71;180.94;17.23;335.12;18.95;303.72;11.51;115.86;255.61;239.29;17.14;128.15;2017.04;16.74;15.35;4441.71;1594.35;37.53;5.66;1547.60;8.17;11.40;125.23;233.55;12.22;138.68;305.42;126.68;21.35;221.22;16.73;280.84;2019.40;21.14;16.88;172.79;209.95;31.85;1594.09;3.27;14.30;137.43;170.66;191.11;1667.80;19.26;1575.90;21.16;21.45;3085.48;7.75;4705.25;6275.13;17.97;21.98;3588.86;7.79;1988.08;2757.17;92.90;7.93;4746.60;2098.04;3.72;6.46;44.05;94.86;87.01;125.68;42.40;302.53;92.90;94.20;113.48;54.62;113.76;243.20;14.65;16.40;103.14;151.98;3238.85;17.75;10.66;130.24;3820.40;9.69;2219.24;3.71;14.42;99.80;236.45;100.39;548.70;84.56;148.93;167.51;152.99;183.71;93.72;157.47;158.90;50.21;156.72;133.08;194.83;4037.19;29.64;2997.28;0.05;3116.05;18.16;8.97;166.96;190.57;165.06;313.11;8.08;157.09;189.94;130.77;197.92;291.64,106656.62
adcc8651-2789-46b1-bed8-efe476e750c8,4728.13,1812.99;1905.47;1734.64;3334.48;10.75;12.53;97.99;180.07;98.00;131.68;162.72;45.85;272.39;6.83;126.27;116.19;167.26;615.34;1149.74;165.68;202.56;111.43;205.91;2751.89;1572.55;2.55;30.48;229.79;150.06;142.13;208.72;134.46;181.67;191.30;219.89;119.51;192.92;131.42;207.28;116.53;238.04;97.07;217.69;116.38;252.50;50.95;207.15;112.62;2034.23;11.05;16.14;4446.95;1591.28;26.64;18.60;1548.55;3.86;10.20;130.00;142.74;103.42;136.97;237.02;192.19;25.15;219.01;19.56;280.18;2020.64;12.02;25.73;170.16;131.70;112.91;1574.89;22.40;11.80;139.23;158.23;79.83;1790.04;9.60;28.46;1574.24;12.37;1552.87;1554.16;4704.61;3728.06;2560.29;27.81;3589.48;8.48;1987.18;2719.84;130.22;4.45;4750.36;3.81;2094.03;6.65;10.44;46.12;105.97;193.00;19.34;27.33;388.19;22.84;186.83;19.73;116.36;32.97;257.57;17.59;6.11;95.89;3389.28;20.12;8.53;131.95;1966.04;1863.65;4.97;2213.16;10.07;17.89;112.13;313.30;17.92;539.91;100.75;293.65;9.51;169.52;251.96;127.84;28.98;209.96;18.12;138.58;325.45;21.23;4042.28;3002.51;4.10;3112.50;5.29;21.98;165.52;192.20;164.85;312.63;6.44;157.36;190.46;128.55;199.86;113.68;215.82,99775.22
e6a0daed-eac5-4a7c-a406-791077d190f3,1832.89,4206.52;26.42;18.37;1549.36;2.96;8.77;131.45;142.64;103.55;116.99;257.93;67.08;149.38;178.78;59.64;145.48;2156.56;9.99;21.48;175.65;131.64;113.73;1574.64;21.36;7.96;143.25;158.35;80.39;121.27;1677.99;28.24;1573.12;13.35;1550.69;1545.82;1591.41;6851.14;2571.93;8.67;12.50;3584.23;1996.89;5.58;2753.85;89.02;4742.05;16.67;2095.26;4.14;10.32;48.65;106.52;194.07;17.10;27.27;389.92;21.85;184.77;21.72;36.20;113.29;241.83;24.99;13.80;96.48;3389.95;11.55;13.18;134.17;1967.82;1863.36;2.52;2215.61;4.93;23.21;110.72;315.61;15.71;540.47;101.75;292.96;9.64;168.22;157.23;226.17;25.17;153.60;79.85;133.70;132.97;214.77;4042.19;5.24;2995.84;7.36;3109.74;27.19;143.37;23.55;329.46;26.13;319.00;12.67;319.17;17.28;314.03;14.46;291.84;35.99,72627.95
82a4d6c6-d145-4584-8a4d-8faf420582a0,6036.04,25.05;18.62;1547.51;3.57;9.29;132.00;142.37;102.74;115.55;258.67;70.36;148.14;178.12;59.94;143.62;2156.60;12.24;20.93;177.17;130.90;79.21;1607.00;18.31;11.96;143.81;157.34;82.12;121.58;1677.16;28.31;1573.53;5.91;1560.08;1546.72;1588.49;6850.91;2564.28;16.22;11.75;3585.21;1995.20;5.83;2752.27;92.61;4740.96;16.22;2095.72;3.82;9.06;50.26;107.58;190.88;19.17;27.31;391.18;20.85;71.97;134.15;35.29;114.16;242.67;23.31;14.41;96.93;3390.61;11.15;12.75;134.76;1967.13;1853.59;12.11;2214.56;5.95;22.01;112.42;316.01;15.09;540.60;100.05;293.47;9.50;170.01;157.84;225.95;25.32;153.07;74.30;138.71;133.14;215.06;4040.52;5.16;2997.85;5.40;3110.96;27.17;144.00;23.03;330.01;25.60;319.08;12.13;321.43;15.56;315.86;12.61;291.68;36.59;312.08;9.73,72755.67
485db4cb-f267-4c42-a1bb-604f6199e3db,5115.18,1820.56;1805.92;1833.84;1539.22;3637.59;3.74;1844.40;4694.67;1902.91;1734.26;3335.45;9.48;12.39;98.98;180.62;96.55;132.54;162.46;46.30;271.65;7.73;125.66;116.46;167.19;614.79;1149.73;166.89;201.35;111.59;205.66;2752.77;1556.11;18.15;31.00;230.05;148.95;143.06;210.36;118.07;195.80;191.59;229.52;110.31;191.88;132.01;207.97;126.43;227.68;96.18;219.09;115.91;251.65;54.42;205.79;111.19;2034.05;12.88;13.75;4447.25;1594.00;24.95;18.63;1547.50;4.14;9.56;131.16;142.36;103.48;138.33;236.64;195.53;21.49;220.73;17.31;279.40;2020.82;12.25;20.92;177.22;130.93;111.12;1576.95;20.62;11.34;140.17;158.32;81.21;1789.81;8.90;28.31;1573.57;12.50;1553.47;1554.53;4705.36;3726.24;2564.59;23.91;3588.92;8.04;1988.12;2718.94;130.87;4.12;4750.59;3.07;2095.02;4.91;10.69;47.56;107.71;190.80;19.09;27.33;391.24;20.78;186.51;19.61;118.29;31.17;257.28;17.00;6.12;96.94;3390.67;11.16;15.05;132.40;1967.11;1863.21;3.81;2215.34;7.88;19.56;110.84;316.08;15.02;540.62;100.04;294.48;9.62;168.90;251.71;132.19;25.23;209.24;23.56;133.21;327.70;20.52;4041.50;3002.06;3.55;3112.76;5.84;21.31;167.03;190.57;165.06;312.71;6.36;157.92;175.84;146.06;197.84;112.54;215.72;128.00;184.03;120.35;225.80,116200.99
97e953f6-a184-4176-b6fc-424b81f2e723,1516.03,41.40;5.24;113.90;164.04;91.03;127.22;258.59;70.52;121.54;204.56;43.15;162.54;133.81;2033.06;8.17;17.50;172.74;209.95;31.86;1593.15;4.76;14.39;136.81;171.94;189.72;1667.87;19.28;1575.86;21.15;21.49;3085.46;7.78;4705.25;6275.04;18.02;20.58;3590.30;7.83;1987.04;2758.19;92.88;7.64;4746.93;2098.04;3.73;6.45;43.98;94.86;87.08;144.66;22.99;302.85;113.55;72.03;115.03;54.24;114.22;243.06;22.82;11.43;100.06;151.89;3250.10;6.55;11.35;129.55;3819.32;9.76;2220.26;3.72;22.08;92.03;236.56;100.30;548.75;106.48;126.99;167.53;152.87;183.76;93.79;157.43;153.35;55.81;156.73;133.09;194.74;4037.12;28.83;2998.22;4.99;3111.11;19.10;8.03;166.99;330.10;25.53;313.03;8.13;157.02;190.01;127.14;201.51;291.59;36.75;311.87;9.62;123.29;213.23,67224.97
197fcab6-4be2-4e0c-9630-979980155c61,1568.84,1541.17;1582.95;6859.12;2548.39;33.15;11.28;3584.98;1978.43;24.59;2752.62;88.36;12.01;4745.85;2097.90;4.26;8.48;50.41;106.04;67.64;143.94;24.19;392.12;22.78;74.04;132.47;36.30;113.07;241.52;25.55;11.43;98.69;153.49;3247.70;13.42;107.61;26.31;3821.62;11.51;2216.27;5.17;22.93;110.80;217.72;113.70;534.52;107.37;127.20;175.58;168.07;161.09;91.50;155.79;162.57;48.34;156.25;133.21;214.74;4019.24;28.37;2998.67;4.59;3109.55;20.56;9.17;164.18;327.52;29.97;318.96;3.04;326.60;17.76;317.75;10.59;291.54;36.65;312.91;9.97;122.39;354.00;192.33,56743.06
298bdb17-4439-4f7b-8e56-a7a092ce8e25,6597.32,1733.10;3336.14;9.47;10.64;100.95;156.87;122.02;130.83;151.02;58.00;270.60;8.56;105.83;140.16;145.00;638.86;1141.89;150.12;221.97;97.85;218.38;2752.09;1554.13;20.71;24.27;234.20;152.19;121.20;227.76;124.23;192.79;193.74;218.30;96.07;216.48;133.15;184.10;149.96;216.04;106.94;209.29;104.16;273.63;51.08;185.36;135.39;2034.48;10.32;13.97;1834.24;4205.10;26.85;18.26;1549.52;2.93;9.19;130.89;142.74;103.64;136.86;237.69;195.08;21.51;219.13;19.42;144.99;2157.02;9.87;21.55;175.38;131.84;113.80;1574.57;21.60;11.52;139.54;158.43;79.98;1789.87;9.64;28.28;1572.98;13.62;1555.48;1540.71;1591.11;6851.60;2560.18;29.13;1714.72;1883.74;1986.72;5.63;2753.69;94.74;4750.48;2.67;2095.17;4.21;10.74;48.21;106.18;194.12;17.35;27.37;389.13;22.56;189.49;17.02;116.66;32.70;259.29;16.21;5.29;96.45;3389.53;11.62;13.41;134.07;1967.81;1863.42;3.71;2214.41;9.26;18.85;110.79;315.25;16.18;540.51;101.55;293.09;9.54;168.16;161.97;221.30;25.19;210.76;19.15;137.07;327.69;20.33;4042.28;5.26;2999.79;3096.23;22.97;21.21;145.39;214.10;136.37;338.67;6.91;156.35;175.00;147.79;188.36;124.93;213.07;128.01;184.81;120.63;227.71;140.80;197.22,99219.38
2b8a2a33-692d-456e-937a-a654380d2a6d,3516.87,1627.03;3451.14;1791.00;1822.85;1565.15;3637.82;3.90;1844.39;4694.15;13.20;3624.16;3335.60;9.56;9.37;101.88;155.67;121.72;132.29;144.94;64.05;271.31;6.89;105.59;137.05;152.67;629.78;1149.64;144.93;223.47;96.48;220.98;2752.67;4.62;1567.32;26.24;6.97;248.27;253.66;20.17;327.13;15.29;198.58;398.05;94.48;22.04;323.72;190.17;17.95;333.34;20.85;303.42;11.77;115.33;306.12;189.26;15.29;130.12;2027.82;14.69;1834.33;4207.22;25.71;18.54;1547.59;4.28;8.75;131.73;142.44;102.99;117.56;256.50;68.74;149.54;176.35;61.88;145.39;2154.79;12.05;21.18;176.67;130.83;111.84;1574.91;22.73;7.51;143.86;157.48;81.69;121.70;1677.19;28.34;1573.34;12.93;1552.31;1546.68;1589.22;6850.88;2561.17;26.91;4.71;3584.78;1995.65;5.81;2752.09;96.97;4736.71;15.88;2095.96;3.93;10.34;48.88;107.05;191.33;19.26;27.34;390.65;21.30;186.00;20.21;117.86;31.60;241.88;24.24;14.00;97.11;3390.33;11.36;12.93;134.52;1967.36;1862.43;3.38;2216.02;4.45;23.49;110.76;315.69;15.52;540.54;100.13;294.38;9.68;168.64;157.78;225.47;25.57;153.15;80.05;133.39;327.58;20.46;4041.78;5.17;2996.48;6.72;3109.88;27.26;143.87;23.04;329.74;25.90;319.08;12.27;320.97;15.76;314.88;13.64;291.66;36.56;312.32;9.72;122.77;351.98;205.82;416.88,118632.47
c8205569-dcca-48b5-b4c4-af31b10bd9b5,5264.91,1654.40;3286.53;1274.55;9.01;1670.83;3470.76;1620.74;3619.12;1829.72;1558.09;1757.23;1884.46;1844.37;4694.29;13.13;3624.19;1646.90;1698.21;6.90;11.02;93.30;180.34;216.41;12.94;162.54;287.11;30.66;11.70;121.83;268.76;14.88;1746.31;18.10;166.86;298.37;14.78;2952.58;7.74;1570.11;8.97;24.24;248.28;253.74;20.07;327.28;15.83;197.89;398.35;94.25;21.98;323.81;190.15;17.88;333.44;20.73;303.50;11.70;116.04;305.48;189.26;16.87;128.49;2029.84;9.66;9.97;4441.29;1593.39;38.00;1553.74;4.29;6.58;111.60;164.75;90.40;130.28;257.80;67.38;149.47;178.35;42.07;163.27;134.05;2032.72;21.16;145.97;30.77;210.47;32.19;1594.24;4.59;13.63;136.50;171.96;188.97;1667.48;20.62;1575.84;21.07;21.70;3084.09;1589.23;6850.81;2548.75;32.14;10.09;3586.60;8.37;1987.96;2757.20;92.20;8.99;4746.25;2098.06;3.93;8.02;51.21;107.15;66.04;144.45;23.68;394.43;21.23;73.82;132.31;35.95;113.51;242.08;24.61;10.86;99.70;151.58;3250.15;6.88;112.22;28.33;3820.90;9.66;2218.64;4.40;23.50;110.76;216.46;99.30;549.64;106.49;127.08;176.96;168.67;157.84;94.05;156.97;153.15;56.63;156.76;133.02;215.04;4016.75;30.17;2996.52;6.77;3109.82;19.39;9.19;165.62;329.81;25.79;319.10;3.77;329.59;15.68;314.90;13.62;291.67;36.54;312.27;9.72;122.81;213.41;344.40;416.91;129.27;192.64,136409.99
64668bc6-f304-4c19-b608-c0104f78f5bb,5470.68,2896.32;1813.68;1901.48;1736.10;3334.38;9.29;11.43;100.13;180.82;95.51;133.38;163.65;44.28;273.50;6.01;126.04;118.05;165.40;617.88;1147.33;166.71;200.58;111.68;205.12;2753.46;1571.85;1.79;31.70;248.30;135.39;138.24;214.52;128.25;181.10;192.12;230.65;109.48;193.21;140.66;198.06;125.96;227.97;95.09;219.99;115.55;256.47;51.40;205.00;110.37;2034.53;16.06;8.31;4450.32;1594.31;23.29;18.61;1547.47;3.88;9.36;131.97;142.12;103.11;139.52;235.78;197.69;19.96;221.88;15.58;281.12;2019.09;20.83;17.00;173.49;131.66;109.42;1578.12;19.08;10.52;141.87;157.49;81.91;1789.88;8.46;28.49;1573.75;11.71;1554.28;1553.94;4705.44;3727.11;2566.06;22.00;3589.78;6.87;1987.91;2718.82;131.57;3.31;4751.12;3.18;2095.13;4.77;10.30;47.76;107.75;190.84;19.05;27.03;392.99;19.34;187.49;18.88;118.17;31.05;257.66;16.21;6.01;98.02;3390.31;17.78;8.24;133.03;1966.04;1863.49;3.35;2216.18;6.51;20.81;110.95;317.47;13.17;540.57;101.57;293.05;9.56;169.48;251.82;132.58;25.52;208.52;22.77;133.76;331.29;17.30;4040.46;3004.01;0.04;3115.21;5.17;21.65;166.81;194.30;161.62;313.13;5.75;160.50;188.79;130.72;198.27;113.47;215.12;126.96;194.16;123.19;214.56;155.24;604.94;130.63;23.86;173.21;6122.41;15.33;3615.21;2026.47;1848.35,122490.45
09433b6a-1799-4fcc-a089-0b9aef68d41c,3387.07,1752.72;1888.52;1844.40;4694.86;12.98;3624.08;1647.18;1697.71;6.73;11.01;93.62;180.64;218.96;10.15;162.40;288.50;29.51;11.24;122.10;268.71;14.94;1746.99;17.53;166.91;300.98;11.91;2952.83;5.61;1571.96;6.86;26.44;248.34;253.78;19.94;332.29;10.71;197.89;404.99;88.05;21.73;333.70;180.73;17.44;333.75;20.34;303.62;11.66;115.89;306.14;188.73;17.05;128.25;2029.87;8.57;10.25;4442.13;1594.07;37.22;1553.82;4.11;6.45;111.74;164.92;90.96;129.90;257.59;68.89;126.71;197.83;44.40;162.84;135.07;2031.81;8.86;16.80;172.54;210.02;33.99;1592.27;4.42;13.64;136.73;170.81;190.26;1668.34;19.42;1575.22;21.87;20.95;3085.90;1588.50;6851.01;2548.51;31.81;9.92;3587.12;8.01;1988.14;2757.06;92.79;8.19;4746.47;2098.09;3.77;7.92;51.47;107.76;65.21;144.62;23.51;395.13;20.75;73.63;132.44;35.78;113.68;242.78;23.73;10.83;100.01;151.56;3250.30;6.62;10.83;130.00;3820.64;9.65;2219.16;3.79;23.66;110.84;216.70;99.45;548.99;108.05;125.03;177.61;168.93;157.85;93.86;157.45;153.11;56.07;156.79;133.09;215.16;4016.47;30.11;2997.00;6.32;3109.96;19.12;8.00;167.03;330.05;25.58;319.09;3.19;330.62;15.29;315.91;12.70;291.58;36.67;311.98;9.67;123.24;215.21;342.31;419.07;127.50;191.40;6128.82;15.67;3614.91;2026.53;5.64;3674.31;3582.09;7.76,129752.36
4f2029bd-5e2f-4ce2-b986-34160924fed9,6538.41,12.89;3624.66;1642.65;1701.76;6.49;10.93;93.92;180.61;219.19;9.99;162.19;289.22;29.30;10.77;122.10;269.07;14.57;1747.05;17.69;166.79;298.18;14.56;2954.13;4.36;1571.90;5.11;28.26;248.31;253.95;19.73;329.24;13.75;197.92;405.60;87.64;21.66;323.84;190.84;17.22;335.22;18.81;304.14;11.06;115.84;306.55;188.56;17.02;128.14;2027.62;10.69;10.29;4442.24;1594.48;37.39;1553.24;4.00;6.36;112.01;164.83;91.22;127.09;260.11;69.29;126.60;199.17;43.45;162.23;133.79;2033.07;8.78;16.90;172.98;209.83;31.81;1594.03;3.73;14.40;136.96;171.78;190.01;1667.86;19.12;1575.93;21.14;21.44;3085.65;7.57;4705.25;6275.25;17.89;22.04;3588.78;7.81;1986.98;2758.26;92.88;7.54;4747.01;2098.06;3.69;6.44;44.11;116.59;65.22;144.64;23.43;302.67;113.29;72.08;133.94;35.75;113.79;243.29;22.52;11.43;100.17;152.01;3250.09;6.45;11.26;129.71;3820.32;8.60;2220.38;3.65;23.70;110.80;216.16;100.62;548.49;106.39;127.19;167.46;153.25;183.59;93.53;157.60;158.95;50.09;156.71;133.02;196.15;4036.01;29.54;2997.45;5.77;3110.11;19.03;8.15;166.90;330.16;25.52;313.14;8.02;157.15;189.88;130.83;197.90;291.65;36.82;311.62;9.66;123.26;213.31;344.19;416.76;130.18;190.90;4214.23;1930.41;3615.01;2005.81;26.18;3674.28;3583.01;6.84,122723.52
de7fb84c-b6b9-41b1-8ea2-1bc4829d5c1e,5453.73,1642.80;1691.80;12.40;11.94;96.48;178.41;222.19;9.19;160.83;291.62;28.62;10.16;120.89;118.39;165.24;1748.44;17.83;164.49;300.94;12.87;2955.46;2.47;1572.38;3.96;29.07;249.80;130.26;142.12;215.21;128.06;198.96;175.04;320.68;19.26;191.26;316.88;21.65;343.80;12.28;304.36;9.13;116.37;252.78;235.89;22.37;128.77;2018.64;16.47;12.01;4445.33;1594.67;35.36;7.38;1547.63;7.90;11.43;125.69;230.46;14.03;139.91;301.69;124.90;26.98;221.43;16.27;279.50;2020.73;20.23;16.74;174.28;209.94;31.38;1593.12;4.03;14.87;137.03;171.69;64.98;1789.88;22.17;1575.98;15.59;26.94;3086.26;4.74;4704.84;6278.37;17.40;20.36;3591.12;7.19;1986.92;2758.69;92.73;3.47;4750.88;5.67;2092.45;8.77;10.29;44.00;107.78;190.76;19.08;27.13;392.25;19.96;187.41;18.64;118.57;31.06;257.78;16.24;7.26;96.12;3387.80;20.74;11.13;129.97;3818.98;9.60;6.48;2214.10;17.94;10.12;110.16;312.76;18.12;540.57;100.12;293.22;9.55;170.48;251.83;127.18;30.65;208.82;17.42;270.53;193.90;23.25;4039.84;3004.15;0.08;3115.64;5.45;21.54;165.18;192.22;165.30;313.06;6.85;158.58;187.90;129.01;199.29;291.65;39.05;127.32;192.97;124.28;213.22;331.93;429.47;130.11;24.62;171.69;6123.76;3609.23;2026.58;26.29;3674.34;2001.49;1588.21,118000.83
3a9b1081-34a7-4720-8e8a-9484d3e30b15,5283.46,1687.94;9.26;11.43;100.13;180.83;95.58;133.28;163.72;44.22;273.56;5.98;126.02;118.29;165.16;619.11;1146.16;166.69;201.52;110.71;205.11;2753.86;1571.45;1.79;31.72;248.30;135.38;138.25;214.52;128.25;181.17;192.23;230.47;109.49;193.29;140.64;198.02;126.26;227.64;96.05;219.05;115.53;256.54;51.40;205.01;110.65;2034.43;15.82;9.30;4449.32;1594.37;23.23;18.63;1548.33;5.10;11.71;127.54;142.12;103.10;139.70;235.66;198.10;19.53;221.93;15.49;281.18;2019.09;20.77;17.02;173.46;131.73;111.61;1575.96;18.99;11.09;141.31;157.48;81.98;1789.85;8.46;28.48;1573.78;11.67;1554.32;1553.89;4705.45;3727.14;2568.63;19.41;3589.88;6.77;1987.88;2718.90;131.47;3.32;4751.13;3.21;2095.10;5.11;9.95;47.76;107.75;192.35;17.55;27.03;393.06;19.26;187.77;18.60;118.26;30.95;257.71;16.20;5.99;98.03;3390.36;17.74;8.23;133.07;1965.98;1863.50;3.34;2216.22;17.82;9.49;110.95;317.60;13.03;540.59;101.56;293.05;9.56;169.51;251.82;132.77;25.37;208.46;22.78;133.77;331.38;17.22;4040.42;3004.33;0.06;3114.91;5.17;21.63;166.84;194.36;161.53;313.19;5.71;160.93;188.39;130.77;198.23;113.59;214.95;127.00;194.16;123.18;214.55;155.44;605.89;129.55;23.81;173.17;6122.70;15.12;3615.19;2026.41;1848.43;3832.33;1588.41,116183.90
84fb5428-2eaa-41de-a165-a9a0930bf519,5194.13,4.03;1845.36;4691.54;14.09;3627.16;1642.63;1701.73;6.40;10.92;93.94;178.60;221.44;9.75;161.09;290.59;29.17;112.31;20.39;270.04;12.34;1748.32;17.76;164.71;300.58;14.15;2954.33;5.74;1570.37;9.12;24.24;248.31;251.39;21.08;330.67;12.58;198.87;405.82;87.57;21.53;324.01;193.20;14.69;340.77;13.22;304.35;9.25;116.41;303.65;184.81;22.46;128.90;2029.23;10.54;11.78;4440.78;1618.79;11.36;1554.94;3.20;8.04;133.71;142.28;88.23;130.35;258.22;67.08;151.67;178.04;59.81;143.57;2156.60;12.47;20.62;145.69;160.31;81.95;1606.42;18.21;10.33;111.24;191.41;79.74;125.49;1674.13;30.14;1573.71;4.60;1561.39;1547.17;1588.02;6850.94;2548.99;29.67;11.30;3587.72;1976.83;23.47;2752.62;92.94;7.43;4747.00;2098.11;2.89;9.68;50.47;107.78;64.63;145.23;22.91;396.16;18.75;73.94;133.65;35.21;114.33;243.55;22.26;11.43;100.19;3387.84;14.32;12.11;135.27;1966.67;1852.42;11.52;2216.25;6.04;22.05;112.45;216.11;114.85;534.33;106.39;127.20;175.58;170.35;158.75;93.09;157.74;159.02;49.92;156.72;133.01;215.33;4040.02;5.23;2998.63;4.61;3111.22;27.13;2.04;163.03;332.29;25.26;318.94;4.72;329.95;14.53;315.89;12.88;291.65;36.78;310.43;10.93;123.18;352.12;191.49;430.64;155.16;166.44;6128.68;12.59;3617.89;2026.19;5.78;3674.27;3583.07;2254.14,129681.39
32cab1f0-0471-4cc6-9579-b7146db06be9,9730.31,2024.86;27.30;3673.04;2003.70;1587.63;2285.55;1758.55;1546.21;1771.33;3771.14;3294.03;3986.59;3797.78,45430.45
9cec6a57-8ad2-46f2-9070-93e1d0d1eca0,2318.55,11.98;21.36;145.92;161.61;79.49;1609.23;17.51;7.99;112.49;192.46;80.73;121.85;1677.15;28.28;1557.51;22.13;1558.60;1546.13;1589.84;6851.06;2548.75;32.45;10.11;3586.29;1977.99;24.24;2751.09;92.30;9.44;4746.10;2098.03;4.03;9.20;49.91;106.71;66.65;144.27;23.88;393.73;21.40;74.27;132.25;36.09;113.40;241.84;24.91;10.91;99.48;3390.17;11.32;13.12;134.34;1967.64;1853.59;10.76;2217.24;4.74;23.42;110.62;217.36;113.92;534.38;107.86;125.73;176.83;168.37;157.43;94.72;156.53;153.48;56.75;156.69;133.05;214.88;4041.98;5.23;2996.08;7.13;3109.76;27.24;2.33;164.62;329.50;26.03;319.05;5.19;327.65;16.17;314.29;14.43;291.65;36.11;312.79;9.76;122.73;357.63;200.05;419.39;152.64;166.16;6126.41;17.92;3614.88;2028.10;4.20;3674.22;3582.08;2257.89;1799.27;9.06;3291.38;2046.26;5032.17;1872.24;2124.68;3802.74,110693.39
ad8b618d-428b-4d21-8f7d-98d0a2dab44a,1818.81,16.60;7.29;113.54;192.22;81.57;122.68;1675.87;28.52;1557.01;22.79;19.98;3086.98;1587.92;6850.94;2549.06;30.91;9.44;3588.38;7.40;1988.02;2757.54;92.77;7.61;4746.76;2098.11;3.59;7.78;51.68;107.78;65.14;144.70;23.30;395.93;20.11;73.65;132.40;35.64;113.98;243.58;22.56;11.04;100.21;152.08;3250.07;6.36;110.44;30.66;3820.14;9.66;2219.36;3.62;23.69;110.94;216.02;114.87;534.29;107.82;124.89;177.71;169.19;158.84;93.01;157.79;159.06;49.81;156.64;133.06;215.37;4014.61;31.54;2997.83;5.43;3110.30;17.91;10.11;165.90;330.56;25.24;318.94;3.04;331.65;14.53;315.99;12.85;291.55;36.81;311.45;9.96;123.16;357.75;199.68;417.21;130.03;190.47;6129.51;15.35;3615.06;2026.06;5.80;3674.35;3583.05;6.67;2286.16;1773.05;3291.44;12.44;3774.21;5163.75;2124.54;3803.62;4187.56;4600.40;2024.42,116780.07
82a4d6c6-d145-4584-8a4d-8faf420582a0,5838.74,36.55;1773.28;3290.69;2048.25;1736.34;5166.77;2124.70;3802.24;4187.95;4601.44;2025.46;1988.02;1879.32;2128.72,45240.72
4bfbf80d-2262-496c-bb27-20bcd5f926ff,6959.53,9.17;8.68;90.38;180.37;108.54;124.92;156.95;59.33;245.50;34.06;105.22;139.15;153.96;630.45;1127.74;164.11;221.37;100.70;216.02;2753.93;3.22;1568.16;8.72;24.78;248.30;254.13;19.49;332.53;10.24;198.14;405.73;90.63;18.87;333.99;185.00;12.96;342.15;11.73;304.44;10.68;115.51;308.01;189.09;16.44;126.97;2029.76;8.26;11.64;4442.30;1617.60;13.36;1552.68;3.84;7.13;134.28;142.12;92.31;128.25;257.95;69.71;147.90;177.34;60.04;145.76;2154.54;12.17;20.54;178.49;131.81;78.92;1608.67;15.71;9.06;112.26;191.74;82.15;122.33;1675.86;28.47;1573.79;5.95;1559.99;1548.03;1587.43;6851.06;2548.90;35.37;6.65;3587.03;1975.79;23.66;2753.29;92.19;7.48;4746.96;2098.30;3.23;8.68;50.91;107.75;65.11;144.81;23.15;397.00;19.18;74.37;132.00;35.11;114.10;244.28;21.84;10.95;100.87;3390.41;11.52;11.46;136.16;1965.83;1853.84;10.05;2219.16;3.25;24.06;110.94;215.84;114.78;534.33;107.82;293.06;9.54;169.54;159.29;225.44;25.26;158.80;49.60;156.56;132.93;215.78;4040.30;5.30;2999.13;4.27;3110.61;26.83;1.56;165.23;330.75;25.13;318.92;4.02;331.23;14.09;316.51;12.57;291.21;37.25;310.83;10.36;123.16;369.98;187.19;418.70;153.39;165.54;6130.44;15.07;3615.15;2026.35;1848.53;1830.72;3583.45;2259.25;1796.91;9.48;3291.20;2045.78;5031.96;1872.72;2124.52;3804.18;4187.36;4600.61;2023.79;1992.33;1876.22;2127.18,155536.24
e6a0daed-eac5-4a7c-a406-791077d190f3,5681.55,1578.55;2257.76;1799.06;9.61;3291.30;2048.54;5029.43;1872.94;2124.49;3802.74;4187.58;4601.18;2025.53;1988.15;1879.51;2126.52;2625.42,48938.73
6e498f44-3aa2-47f2-bd96-93bf83d8cd0c,3877.51,1828.57;3581.61;2257.34;1796.49;13.44;3290.67;2048.13;5030.47;1872.86;2125.63;3801.29;4189.82;4600.77;2024.28;1990.30;1876.91;2128.19;2613.90;10.27,50977.97
97e953f6-a184-4176-b6fc-424b81f2e723,3340.13,1758.69;2046.68;5031.80;1871.99;2124.76;3802.96;4188.44;6620.47;1995.15;8.11;1882.51;2114.55;2625.96;7.08;92.14;21.51,39701.64
dd280dee-ea5f-4aa9-bfd9-9296354bc691,1595.13,15.69;27.20;3085.21;7.85;4704.44;6276.05;15.74;24.41;3588.69;8.35;1987.95;2757.22;92.21;4.67;4750.55;6.20;2091.85;9.38;10.21;43.56;107.31;191.04;19.27;27.32;390.95;21.07;186.17;19.96;118.09;31.37;257.09;17.26;7.37;95.56;3390.42;18.17;11.55;129.08;3820.81;9.70;5.59;2213.31;18.54;10.41;109.47;315.91;15.21;540.60;101.62;292.89;9.70;168.74;251.80;131.80;25.30;209.63;23.38;266.41;194.70;20.43;4041.65;3001.83;3.81;3112.63;5.97;21.25;167.01;192.95;162.64;312.75;7.77;156.50;191.15;130.78;197.75;291.68;36.61;128.10;193.75;122.84;215.61;342.30;419.10;127.27;25.69;173.69;6119.95;3611.15;2024.76;27.80;3674.26;2002.00;1587.92;2285.23;1764.46;1540.36;1771.69;3772.80;3293.72;3984.76;3797.81;4174.35;4631.96;2020.58;1994.09;8.33;1882.53;4727.93;12.53;18.14;102.68;153.19;110.82,119896.08
82287b44-e343-411e-bbd4-9b859bfe6da6,7078.00,1872.53;2124.57;3803.58;4187.53;4600.45;2024.46;1990.77;1877.46;2127.50;2613.26;12.86;16.73;103.92;168.90;93.12,34996.54
2b8a2a33-692d-456e-937a-a654380d2a6d,7254.74,9.73;2284.51;1758.87;1546.47;1771.74;3770.75;5167.34;2124.92;3802.13;4187.81;4601.60;2021.13;1992.34;9.61;1882.19;4728.54;11.23;19.29;102.76;168.80;94.32;292.10;75.45;12.88;240.97,50054.54
adcc8651-2789-46b1-bed8-efe476e750c8,8937.40,2113.45;3795.82;4173.55;4633.42;2020.33;1995.93;6.80;1882.92;4727.36;12.88;17.46;103.07;169.00;95.17;300.21;67.42;13.00;240.41;121.46,35544.34
9663d172-37fa-4195-a7ff-37e0baf4ab46,1869.83,9.73;28.27;1573.16;13.13;1552.03;1546.48;1589.49;6851.01;2560.15;28.94;1713.27;1875.22;1996.57;5.62;2751.15;97.27;4750.52;2.61;2095.41;4.02;10.29;48.83;106.80;191.10;19.72;27.29;390.42;21.41;185.25;21.17;117.45;32.04;256.14;10.61;13.76;96.64;3390.25;11.29;13.10;134.35;1967.62;1863.28;2.52;2215.81;8.79;19.36;110.61;315.66;15.61;540.50;101.77;292.85;9.68;168.41;157.50;225.82;25.38;153.48;80.00;133.39;327.51;20.45;4041.94;5.23;2996.16;3098.24;24.58;21.22;143.45;216.43;136.69;338.44;6.53;157.02;176.19;146.64;184.00;125.64;216.04;128.03;184.73;120.50;225.39;144.43;199.90;419.35;152.66;172.92;6119.70;17.89;3614.83;2025.32;1850.90;3832.11;1580.34;2257.94;1799.30;8.95;3291.38;2046.30;5032.08;1872.23;2124.69;3802.78;4188.06;4600.89;2024.94;1989.57;1878.39;2126.88;2626.38;7.47;91.08;22.35;168.70;95.21;295.62;71.72;12.77;240.52;122.28;255.38;8.20;79.48;2220.85;14.34,124988.12
3a9b1081-34a7-4720-8e8a-9484d3e30b15,7969.54,32.43;6620.98;1994.66;8.10;1882.56;4727.57;12.87;17.79;102.88;152.98;111.05;119.92;178.83;81.56;227.66;98.13;153.91;139.45;86.22;2220.98;8.25;16.96,27092.32
8578cd6e-72c4-46db-977a-1e50b1b68097,4673.92,3124.23;6275.79;22.05;17.34;3589.49;7.12;1987.98;2758.75;91.61;7.59;4746.76;2098.13;3.53;6.37;53.14;107.78;65.10;144.73;23.27;302.88;113.19;73.74;132.70;35.20;114.02;243.67;22.43;11.03;100.27;152.11;3251.06;5.40;11.11;129.99;3820.04;9.65;2219.45;3.52;23.70;110.99;216.21;100.72;548.21;107.81;125.78;167.33;153.28;184.31;93.03;157.88;158.97;49.81;156.58;133.06;197.97;4034.30;29.23;2998.02;5.27;3110.38;18.69;8.27;166.86;330.67;25.17;313.13;7.77;157.81;189.43;316.05;12.83;291.55;36.83;311.35;10.01;123.23;214.82;342.52;418.84;128.66;190.21;4214.22;1930.71;3614.99;2005.70;26.23;3674.31;3583.16;6.52;2286.25;1773.00;3291.39;12.44;3774.19;5163.73;2124.52;3803.69;4187.49;4600.49;2020.42;1995.40;8.14;1881.96;4727.44;12.89;17.71;102.92;168.83;95.39;299.65;67.66;12.97;240.19;121.83;256.94;6.53;79.64;2221.02;13.92;11.23,121596.66
c12cdcc1-5781-4141-8f16-3f3036e7d809,3700.71,2001.86;1587.98;2285.40;1764.51;9.12;3290.78;2046.31;5032.17;1872.11;2124.69;3802.82;4188.51;6621.31;1994.20;8.33;1882.57;2114.24;2626.10;7.10;91.78;21.93;168.64;215.19;178.49;69.14;12.73;240.42;122.11;256.95;6.60;79.52;2220.95;14.14;20.29;2883.48,58422.37
de7fb84c-b6b9-41b1-8ea2-1bc4829d5c1e,8805.37,2020.44;1995.34;8.17;1881.92;4727.50;12.89;17.71;102.93;153.86;110.29;120.58;179.01;80.72;240.18;90.08;150.89;137.83;86.20;2221.00;8.24;16.94;127.18;2766.21,28920.58
298bdb17-4439-4f7b-8e56-a7a092ce8e25,5064.13,11.67;3775.47;5163.23;2124.77;3803.00;4188.43;4600.50;2020.50;1994.62;8.11;1882.54;4727.64;12.86;17.80;102.88;168.94;95.02;298.66;68.98;12.70;240.45;121.97;117.25;146.23;79.51;2220.97;14.11;11.11;127.05;2765.78;2859.64;3437.28,52331.68
3ce5827b-760a-47a2-85fd-616df170db4e,8438.35,2549.08;30.67;9.89;3588.33;7.09;1987.94;2757.99;92.37;7.60;4746.80;2098.14;3.48;6.37;53.20;107.76;65.08;144.76;23.24;396.25;19.86;73.80;132.64;35.17;114.05;243.76;22.30;11.04;100.32;152.16;3250.10;6.30;11.09;130.10;3819.95;9.63;2219.51;3.46;23.79;111.02;215.84;101.30;547.97;106.43;127.13;176.76;169.34;159.06;92.82;157.96;158.99;49.76;156.53;132.99;215.48;4017.46;28.55;2998.21;5.11;3110.44;18.65;8.26;166.86;330.73;25.14;318.91;1.92;333.05;14.22;316.34;12.57;291.56;36.93;311.23;10.01;123.24;213.31;344.11;417.24;130.26;190.57;4213.86;1930.76;3615.09;2005.56;26.27;3674.21;3583.35;6.37;2286.28;1773.12;3291.22;12.51;3774.23;5163.66;2124.55;3803.70;4187.54;4600.44;2024.14;1991.80;7.07;1882.85;4727.43;12.91;16.55;104.07;168.94;92.99;301.99;67.74;12.91;240.31;121.70;255.03;8.32;79.68;2221.00;13.94;11.19;127.24;5595.67;1779.75;1687.76,127621.47
298bdb17-4439-4f7b-8e56-a7a092ce8e25,4353.92,1996.14;11.56;15.69;169.87;259.41;99.01;238.19;88.97;206.00;137.10;195.15;107.21;202.70;199.23;285.30;101.82;203.00;143.73;256.67;104.96;205.07;118.74;192.63;125.96;249.53;69.76;222.75;122.62;193.23;256.78;225.23;94.97,11674.86
3ce5827b-760a-47a2-85fd-616df170db4e,1990.80,10.80;16.02;170.29;258.82;101.33;237.62;89.39;204.46;136.30;196.59;107.48;202.75;199.34;285.92;100.71;204.05;143.75;256.62;104.96;205.04;118.75;193.67;122.71;251.04;70.41;223.59;121.03;194.15;256.59;221.84;97.85;223.53;116.08;210.85;147.63;222.22;89.05;211.69;346.74;14.80;200.39;188.05;124.85;232.85;192.84;161.32;104.54;255.19;300.47;142.46;197.75;143.40;215.05;128.59;202.92;97.94;419.06;120.24;280.73,12439.89
298bdb17-4439-4f7b-8e56-a7a092ce8e25,2238.79,14.66;22.05;173.98;134.20;89.50;302.90;111.37;251.01;98.90;130.42;174.03;97.18;128.32;168.75;101.22;150.20;138.90;115.67;123.94;192.66;71.21;137.95;172.38;135.56;93.73;186.10;60.88;126.56;292.49;44.64,6312.84
3ce5827b-760a-47a2-85fd-616df170db4e,4730.63,2240.83;13.48;22.09;175.33;132.69;89.58;302.80;111.42;251.05;98.86;131.43;174.14;98.21;127.43;168.33;101.47;148.98;139.61;115.12;124.72;191.72;73.07;137.89;170.33;136.59;93.05;187.88;59.21;127.27;291.82;44.84;32.36;12.16;16.46;11.01;14.56;13.38;10.53;11.59;11.80;11.49;12.69;15.42;11.42;12.55;11.50;12.41;11.36;14.44;12.69;11.51;12.66;12.46;13.70;14.18;13.07;12.69;13.11;15.29,11407.29
3ce5827b-760a-47a2-85fd-616df170db4e,4523.62,12.87;18.78;117.34;166.22;66.88;109.98;377.38;394.47;88.72;133.89;186.21;97.53;115.65;162.20;95.82;112.70;165.98;80.28;134.35;539.65;26.31;120.01;202.39;87.89;105.99;156.35;80.22;146.21;238.79;114.76;120.31;201.91;45.59;142.04;246.17;88.96;125.88;160.94;95.26;398.93;15.25;69.73;217.54;50.57;126.19;162.03;478.82;11.95;11.82;11.82;122.24;176.56;275.79;97.55;218.16;12.23;168.41;70.12;123.90,13093.79
298bdb17-4439-4f7b-8e56-a7a092ce8e25,4757.08,11.97;17.86;173.91;194.39;115.58;254.64;131.51;317.57;24.10;147.77;267.73;55.02;302.63;32.21;189.49;117.19;195.54;134.44;175.19;105.25;197.92;147.61;195.37;181.91;200.43;112.48;188.00;120.45;194.77;256.66;242.30;73.41;252.46;91.52,10250.03
3ce5827b-760a-47a2-85fd-616df170db4e,3399.28,5.23;13.19;84.51;93.58;99.68;60.74;338.04;13.59;12.31;34.55;771.14;1626.28;117.67;180.26;118.09;193.48;127.92;197.92;4760.67;11.42;17.86;173.89;194.27;116.24;253.96;131.47;317.64;24.17;147.82;267.59;55.09;302.62;32.13;189.48;117.22;195.53;134.59;174.98;105.27;198.87;146.53;195.31;182.15;202.42;111.75;188.52;120.52;193.58;255.85;243.56;72.43;252.47;92.25;73.89,17763.12
